client name,command class name,command group,command version,repoUrl,source,dtoRepoUrl,dtoSource
cc-api-bridge,CreateApiTokenCommand,ApiToken,,https://gitlab.corp.clever-cloud.com/clever-cloud/auth-backend,src/routes/create-api-token.js:28,https://gitlab.corp.clever-cloud.com/clever-cloud/auth-backend,src/routes/create-api-token.js (inline response schema)
cc-api-bridge,DeleteApiTokenCommand,ApiToken,,https://gitlab.corp.clever-cloud.com/clever-cloud/auth-backend,src/routes/delete-api-token.js:12,https://gitlab.corp.clever-cloud.com/clever-cloud/auth-backend,"N/A (empty 200, no body)"
cc-api-bridge,GetApiTokenCommand,ApiToken,,https://gitlab.corp.clever-cloud.com/clever-cloud/auth-backend,src/routes/get-api-token.js:12,https://gitlab.corp.clever-cloud.com/clever-cloud/auth-backend,src/lib/format-token.js
cc-api-bridge,ListApiTokenCommand,ApiToken,,https://gitlab.corp.clever-cloud.com/clever-cloud/auth-backend,src/routes/list-api-tokens.js:11,https://gitlab.corp.clever-cloud.com/clever-cloud/auth-backend,src/lib/format-token.js
cc-api-bridge,UpdateApiTokenCommand,ApiToken,,https://gitlab.corp.clever-cloud.com/clever-cloud/auth-backend,src/routes/update-api-token.js:11,https://gitlab.corp.clever-cloud.com/clever-cloud/auth-backend,"N/A (empty 200, no body)"
cc-api,CreateAddonCommand,Addon,2,https://gitlab.corp.clever-cloud.com/core-team/cc-api,src/main/java/com/clevercloud/ccapi/api/organisation/OrganisationAddonsAPI.java:65,https://gitlab.corp.clever-cloud.com/clever-cloud/ccapidto,src/main/java/com/clevercloud/ccapi/output/addon/AddonView.java
cc-api,DeleteAddonCommand,Addon,2,https://gitlab.corp.clever-cloud.com/core-team/cc-api,src/main/java/com/clevercloud/ccapi/api/organisation/OrganisationAddonsAPI.java:116,https://gitlab.corp.clever-cloud.com/core-team/cc-api,src/main/java/com/clevercloud/ccapi/models/message/struct/Message.java
cc-api,GetAddonCommand,Addon,2,https://gitlab.corp.clever-cloud.com/core-team/cc-api,src/main/java/com/clevercloud/ccapi/api/organisation/OrganisationAddonsAPI.java:93,https://gitlab.corp.clever-cloud.com/clever-cloud/ccapidto,src/main/java/com/clevercloud/ccapi/output/addon/AddonView.java
cc-api,GetAddonDetailsInnerCommand,Addon,4,https://gitlab.corp.clever-cloud.com/clever-cloud/dbaas/addon-api-postgresql,"conf/routes:31 -> app/controllers/Application.scala:332 -> app/controllers/Application.scala:321 (generic route, defined per provider in each dbaas/addon-api-* service)",https://gitlab.corp.clever-cloud.com/clever-cloud/dbaas/addon-api-postgresql,app/models/dto.scala:540 (PostgresqlAddonView)
cc-api,GetAddonSsoCommand,Addon,2,https://gitlab.corp.clever-cloud.com/core-team/cc-api,src/main/java/com/clevercloud/ccapi/api/organisation/OrganisationAddonsAPI.java:149,https://gitlab.corp.clever-cloud.com/clever-cloud/ccapidto,src/main/java/com/clevercloud/ccapi/output/addon/AddonProviderSSOData.java
cc-api,ListAddonCommand,Addon,2,https://gitlab.corp.clever-cloud.com/core-team/cc-api,src/main/java/com/clevercloud/ccapi/api/organisation/OrganisationAddonsAPI.java:51,https://gitlab.corp.clever-cloud.com/clever-cloud/ccapidto,src/main/java/com/clevercloud/ccapi/output/addon/AddonView.java
cc-api,ListAddonInstanceCommand,Addon,2,https://gitlab.corp.clever-cloud.com/core-team/cc-api,src/main/java/com/clevercloud/ccapi/api/organisation/OrganisationAddonsAPI.java:160,https://gitlab.corp.clever-cloud.com/clever-cloud/ccapidto,src/main/java/com/clevercloud/ccapi/output/supernova/SuperNovaInstanceView.java
cc-api,UpdateAddonCommand,Addon,2,https://gitlab.corp.clever-cloud.com/core-team/cc-api,src/main/java/com/clevercloud/ccapi/api/organisation/OrganisationAddonsAPI.java:104,https://gitlab.corp.clever-cloud.com/clever-cloud/ccapidto,src/main/java/com/clevercloud/ccapi/output/addon/AddonView.java
cc-api,CreateAddonProviderCommand,AddonProvider,2,https://gitlab.corp.clever-cloud.com/core-team/cc-api,src/main/java/com/clevercloud/ccapi/api/organisation/OrganisationAddonProviderAPI.java:46,https://gitlab.corp.clever-cloud.com/clever-cloud/ccapidto,src/main/java/com/clevercloud/ccapi/output/addon/AddonProviderInfoFullView.java
cc-api,CreateAddonProviderFeatureCommand,AddonProvider,2,https://gitlab.corp.clever-cloud.com/core-team/cc-api,src/main/java/com/clevercloud/ccapi/api/organisation/OrganisationAddonProviderAPI.java:103,https://gitlab.corp.clever-cloud.com/clever-cloud/ccapidto,src/main/java/com/clevercloud/ccapi/output/addon/AddonFeatureView.java
cc-api,CreateAddonProviderPlanCommand,AddonProvider,2,https://gitlab.corp.clever-cloud.com/core-team/cc-api,src/main/java/com/clevercloud/ccapi/api/organisation/OrganisationAddonProviderAPI.java:143,https://gitlab.corp.clever-cloud.com/clever-cloud/ccapidto,src/main/java/com/clevercloud/ccapi/output/addon/AddonPlanView.java
cc-api,DeleteAddonProviderCommand,AddonProvider,2,https://gitlab.corp.clever-cloud.com/core-team/cc-api,src/main/java/com/clevercloud/ccapi/api/organisation/OrganisationAddonProviderAPI.java:88,https://gitlab.corp.clever-cloud.com/core-team/cc-api,"N/A (empty 200, no body)"
cc-api,DeleteAddonProviderFeatureCommand,AddonProvider,2,https://gitlab.corp.clever-cloud.com/core-team/cc-api,src/main/java/com/clevercloud/ccapi/api/organisation/OrganisationAddonProviderAPI.java:126,https://gitlab.corp.clever-cloud.com/core-team/cc-api,"N/A (empty 200, no body)"
cc-api,DeleteAddonProviderPlanCommand,AddonProvider,2,https://gitlab.corp.clever-cloud.com/core-team/cc-api,src/main/java/com/clevercloud/ccapi/api/organisation/OrganisationAddonProviderAPI.java:187,https://gitlab.corp.clever-cloud.com/core-team/cc-api,"N/A (empty 200, no body)"
cc-api,GetAddonProviderCommand,AddonProvider,2,https://gitlab.corp.clever-cloud.com/core-team/cc-api,src/main/java/com/clevercloud/ccapi/api/organisation/OrganisationAddonProviderAPI.java:66,https://gitlab.corp.clever-cloud.com/clever-cloud/ccapidto,src/main/java/com/clevercloud/ccapi/output/addon/AddonProviderInfoView.java
cc-api,ListAddonProviderFeatureCommand,AddonProvider,2,https://gitlab.corp.clever-cloud.com/core-team/cc-api,src/main/java/com/clevercloud/ccapi/api/organisation/OrganisationAddonProviderAPI.java:116,https://gitlab.corp.clever-cloud.com/clever-cloud/ccapidto,src/main/java/com/clevercloud/ccapi/output/addon/AddonFeatureView.java
cc-api,ListAddonProviderPlanCommand,AddonProvider,2,https://gitlab.corp.clever-cloud.com/core-team/cc-api,src/main/java/com/clevercloud/ccapi/api/organisation/OrganisationAddonProviderAPI.java:155,https://gitlab.corp.clever-cloud.com/clever-cloud/ccapidto,src/main/java/com/clevercloud/ccapi/output/addon/AddonPlanView.java
cc-api,UpdateAddonProviderCommand,AddonProvider,2,https://gitlab.corp.clever-cloud.com/core-team/cc-api,src/main/java/com/clevercloud/ccapi/api/organisation/OrganisationAddonProviderAPI.java:76,https://gitlab.corp.clever-cloud.com/clever-cloud/ccapidto,src/main/java/com/clevercloud/ccapi/output/addon/AddonProviderInfoView.java
cc-api,UpdateAddonProviderPlanCommand,AddonProvider,2,https://gitlab.corp.clever-cloud.com/core-team/cc-api,src/main/java/com/clevercloud/ccapi/api/organisation/OrganisationAddonProviderAPI.java:165,https://gitlab.corp.clever-cloud.com/clever-cloud/ccapidto,src/main/java/com/clevercloud/ccapi/output/addon/AddonPlanView.java
cc-api,CreateApplicationCommand,Application,2,https://gitlab.corp.clever-cloud.com/core-team/cc-api,src/main/java/com/clevercloud/ccapi/api/organisation/OrganisationApplicationsAPI.java:486,https://gitlab.corp.clever-cloud.com/clever-cloud/ccapidto,src/main/java/com/clevercloud/ccapi/output/application/ApplicationView.java
cc-api,CreateApplicationInnerCommand,Application,2,https://gitlab.corp.clever-cloud.com/core-team/cc-api,src/main/java/com/clevercloud/ccapi/api/organisation/OrganisationApplicationsAPI.java:486,https://gitlab.corp.clever-cloud.com/clever-cloud/ccapidto,src/main/java/com/clevercloud/ccapi/output/application/ApplicationView.java
cc-api,DeleteApplicationCommand,Application,2,https://gitlab.corp.clever-cloud.com/core-team/cc-api,src/main/java/com/clevercloud/ccapi/api/organisation/OrganisationApplicationsAPI.java:198,https://gitlab.corp.clever-cloud.com/core-team/cc-api,src/main/java/com/clevercloud/ccapi/models/message/struct/Message.java
cc-api,DeployApplicationCommand,Application,2,https://gitlab.corp.clever-cloud.com/core-team/cc-api,src/main/java/com/clevercloud/ccapi/api/organisation/OrganisationApplicationsAPI.java:244 -> src/main/java/com/clevercloud/ccapi/helpers/infra/BdsHelper.java:303,https://gitlab.corp.clever-cloud.com/core-team/cc-api,src/main/java/com/clevercloud/ccapi/util/misc/DeploySuccessMessage.java:10
cc-api,GetApplicationBranchesCommand,Application,2,https://gitlab.corp.clever-cloud.com/core-team/cc-api,src/main/java/com/clevercloud/ccapi/api/organisation/OrganisationApplicationsAPI.java:110,https://gitlab.corp.clever-cloud.com/core-team/cc-api,N/A (primitive String array)
cc-api,GetApplicationCommand,Application,2,https://gitlab.corp.clever-cloud.com/core-team/cc-api,src/main/java/com/clevercloud/ccapi/api/organisation/OrganisationApplicationsAPI.java:86,https://gitlab.corp.clever-cloud.com/clever-cloud/ccapidto,src/main/java/com/clevercloud/ccapi/output/application/ApplicationView.java
cc-api,GetApplicationInnerCommand,Application,2,https://gitlab.corp.clever-cloud.com/core-team/cc-api,src/main/java/com/clevercloud/ccapi/api/organisation/OrganisationApplicationsAPI.java:86,https://gitlab.corp.clever-cloud.com/clever-cloud/ccapidto,src/main/java/com/clevercloud/ccapi/output/application/ApplicationView.java
cc-api,ListApplicationCommand,Application,2,https://gitlab.corp.clever-cloud.com/core-team/cc-api,src/main/java/com/clevercloud/ccapi/api/organisation/OrganisationApplicationsAPI.java:59,https://gitlab.corp.clever-cloud.com/clever-cloud/ccapidto,src/main/java/com/clevercloud/ccapi/output/application/ApplicationView.java
cc-api,ListApplicationInnerCommand,Application,2,https://gitlab.corp.clever-cloud.com/core-team/cc-api,src/main/java/com/clevercloud/ccapi/api/organisation/OrganisationApplicationsAPI.java:59,https://gitlab.corp.clever-cloud.com/clever-cloud/ccapidto,src/main/java/com/clevercloud/ccapi/output/application/ApplicationView.java
cc-api,UndeployApplicationCommand,Application,2,https://gitlab.corp.clever-cloud.com/core-team/cc-api,src/main/java/com/clevercloud/ccapi/api/organisation/OrganisationApplicationsAPI.java:221,https://gitlab.corp.clever-cloud.com/core-team/cc-api,src/main/java/com/clevercloud/ccapi/models/message/struct/Message.java
cc-api,UpdateApplicationBranchCommand,Application,2,https://gitlab.corp.clever-cloud.com/core-team/cc-api,src/main/java/com/clevercloud/ccapi/api/organisation/OrganisationApplicationsAPI.java:133 (no @ApiResponse; empty 200 from ApplicationHelper.setBranch),https://gitlab.corp.clever-cloud.com/core-team/cc-api,"N/A (empty 200, no body)"
cc-api,UpdateApplicationCommand,Application,2,https://gitlab.corp.clever-cloud.com/core-team/cc-api,src/main/java/com/clevercloud/ccapi/api/organisation/OrganisationApplicationsAPI.java:509,https://gitlab.corp.clever-cloud.com/clever-cloud/ccapidto,src/main/java/com/clevercloud/ccapi/output/application/ApplicationView.java
cc-api,UpdateApplicationInnerCommand,Application,2,https://gitlab.corp.clever-cloud.com/core-team/cc-api,src/main/java/com/clevercloud/ccapi/api/organisation/OrganisationApplicationsAPI.java:509,https://gitlab.corp.clever-cloud.com/clever-cloud/ccapidto,src/main/java/com/clevercloud/ccapi/output/application/ApplicationView.java
cc-api,ListArticleCommand,Article,,,EXTERNAL (clever.cloud RSS feed),,"N/A (public WordPress RSS feed, parsed client side)"
cc-api,ListArticlePageCommand,Article,,,EXTERNAL (clever.cloud RSS feed),,"N/A (public WordPress RSS feed, parsed client side)"
cc-api,ConfirmAuthMfaCommand,Auth,2,https://gitlab.corp.clever-cloud.com/core-team/cc-api,src/main/java/com/clevercloud/ccapi/api/user/self/SelfMFAAPI.java:132,https://gitlab.corp.clever-cloud.com/core-team/cc-api,"N/A (empty 200, no body)"
cc-api,CreateAuthMfaCommand,Auth,2,https://gitlab.corp.clever-cloud.com/core-team/cc-api,src/main/java/com/clevercloud/ccapi/api/user/self/SelfMFAAPI.java:107 -> src/main/java/com/clevercloud/ccapi/helpers/auth/MFAHelper.java:156,https://gitlab.corp.clever-cloud.com/clever-cloud/ccapidto,src/main/java/com/clevercloud/ccapi/output/misc/UrlView.java:9
cc-api,DeleteAuthMfaCommand,Auth,2,https://gitlab.corp.clever-cloud.com/core-team/cc-api,src/main/java/com/clevercloud/ccapi/api/user/self/SelfMFAAPI.java:82,https://gitlab.corp.clever-cloud.com/core-team/cc-api,"N/A (empty 200, no body)"
cc-api,GetAuthMfaBackupCodesCommand,Auth,2,https://gitlab.corp.clever-cloud.com/core-team/cc-api,src/main/java/com/clevercloud/ccapi/api/user/self/SelfMFAAPI.java:43,https://gitlab.corp.clever-cloud.com/core-team/cc-api,src/main/java/com/clevercloud/ccapi/models/entities/user/MFARecoveryCode.java
cc-api,RequestAuthPasswordResetCommand,Auth,2,https://gitlab.corp.clever-cloud.com/core-team/cc-api,src/main/java/com/clevercloud/ccapi/api/pub/PasswordForgottenAPI.java:78,https://gitlab.corp.clever-cloud.com/core-team/cc-api,"N/A (empty 200, no body)"
cc-api,UpdateAuthPasswordCommand,Auth,2,https://gitlab.corp.clever-cloud.com/core-team/cc-api,src/main/java/com/clevercloud/ccapi/api/user/self/SelfAPI.java:115,https://gitlab.corp.clever-cloud.com/core-team/cc-api,src/main/java/com/clevercloud/ccapi/models/message/struct/Message.java
cc-api,ListBackupCommand,Backup,2,https://gitlab.corp.clever-cloud.com/clever-cloud/dbaas/backup-manager,conf/routes:26 (controllers.UserActions.listBackups),https://gitlab.corp.clever-cloud.com/clever-cloud/dbaas/backup-manager,app/controllers/UserActions.scala
cc-api,ListBackupInnerCommand,Backup,2,https://gitlab.corp.clever-cloud.com/clever-cloud/dbaas/backup-manager,conf/routes:26 -> app/controllers/UserActions.scala:30,https://gitlab.corp.clever-cloud.com/clever-cloud/dbaas/backup-manager,"app/models/entities/BackupWithUrl.scala:13 (Elasticsearch answers FakeBackupWithUrl instead, app/models/entities/ElasticAddonSnapshotData.scala:12)"
cc-api,CreateCellarBucketCommand,Cellar,4,https://gitlab.corp.clever-cloud.com/clever-cloud/ovd,modules/cellar/src/main/scala/com/clevercloud/cellar/routes/CellarRoutes.scala:178,https://gitlab.corp.clever-cloud.com/clever-cloud/ovd,modules/cellar/src/main/scala/com/clevercloud/cellar/models/package.scala (BucketView)
cc-api,DeleteCellarBucketCommand,Cellar,4,https://gitlab.corp.clever-cloud.com/clever-cloud/ovd,modules/cellar/src/main/scala/com/clevercloud/cellar/routes/CellarRoutes.scala:194,https://gitlab.corp.clever-cloud.com/clever-cloud/ovd,Unit (no response body)
cc-api,DeleteCellarObjectCommand,Cellar,4,https://gitlab.corp.clever-cloud.com/clever-cloud/ovd,modules/cellar/src/main/scala/com/clevercloud/cellar/routes/CellarRoutes.scala:224,https://gitlab.corp.clever-cloud.com/clever-cloud/ovd,"N/A (empty 200, no body)"
cc-api,GetCellarBucketCommand,Cellar,4,https://gitlab.corp.clever-cloud.com/clever-cloud/ovd,modules/cellar/src/main/scala/com/clevercloud/cellar/routes/CellarRoutes.scala:189,https://gitlab.corp.clever-cloud.com/clever-cloud/ovd,modules/cellar/src/main/scala/com/clevercloud/cellar/models/package.scala (BucketView)
cc-api,GetCellarCredentialsCommand,Cellar,4,https://gitlab.corp.clever-cloud.com/clever-cloud/ovd,modules/cellar/src/main/scala/com/clevercloud/cellar/routes/CellarRoutes.scala:150,https://gitlab.corp.clever-cloud.com/clever-cloud/ovd,modules/cellar/src/main/scala/com/clevercloud/cellar/models/package.scala (CellarCredentials)
cc-api,GetCellarCredentialsPresignedUrlCommand,Cellar,4,https://gitlab.corp.clever-cloud.com/clever-cloud/ovd,modules/cellar/src/main/scala/com/clevercloud/cellar/routes/CellarRoutes.scala:155,https://gitlab.corp.clever-cloud.com/clever-cloud/ovd,core/src/main/scala/com/clevercloud/core/models/PresignedURL.scala
cc-api,GetCellarInfoCommand,Cellar,4,https://gitlab.corp.clever-cloud.com/clever-cloud/ovd,modules/cellar/src/main/scala/com/clevercloud/cellar/routes/CellarRoutes.scala:144,https://gitlab.corp.clever-cloud.com/clever-cloud/ovd,modules/cellar/src/main/scala/com/clevercloud/cellar/models/package.scala (CellarView)
cc-api,GetCellarObjectCommand,Cellar,4,https://gitlab.corp.clever-cloud.com/clever-cloud/ovd,modules/cellar/src/main/scala/com/clevercloud/cellar/routes/CellarRoutes.scala:230,https://gitlab.corp.clever-cloud.com/clever-cloud/ovd,modules/cellar/src/main/scala/com/clevercloud/cellar/models/package.scala (CellarObjectDetails)
cc-api,GetCellarObjectDownloadUrlCommand,Cellar,4,https://gitlab.corp.clever-cloud.com/clever-cloud/ovd,modules/cellar/src/main/scala/com/clevercloud/cellar/routes/CellarRoutes.scala:212,https://gitlab.corp.clever-cloud.com/clever-cloud/ovd,modules/cellar/src/main/scala/com/clevercloud/cellar/models/package.scala (SignedUrlResponse)
cc-api,GetCellarObjectUploadUrlCommand,Cellar,4,https://gitlab.corp.clever-cloud.com/clever-cloud/ovd,modules/cellar/src/main/scala/com/clevercloud/cellar/routes/CellarRoutes.scala:218,https://gitlab.corp.clever-cloud.com/clever-cloud/ovd,core/src/main/scala/com/clevercloud/core/models/PresignedURL.scala
cc-api,ListCellarBucketCommand,Cellar,4,https://gitlab.corp.clever-cloud.com/clever-cloud/ovd,modules/cellar/src/main/scala/com/clevercloud/cellar/routes/CellarRoutes.scala:173,https://gitlab.corp.clever-cloud.com/clever-cloud/ovd,modules/cellar/src/main/scala/com/clevercloud/cellar/models/package.scala (BucketsListResponse)
cc-api,ListCellarObjectCommand,Cellar,4,https://gitlab.corp.clever-cloud.com/clever-cloud/ovd,modules/cellar/src/main/scala/com/clevercloud/cellar/routes/CellarRoutes.scala:200,https://gitlab.corp.clever-cloud.com/clever-cloud/ovd,modules/cellar/src/main/scala/com/clevercloud/cellar/models/package.scala (ListObjectsResponse)
cc-api,RenewCellarCredentialsCommand,Cellar,4,https://gitlab.corp.clever-cloud.com/clever-cloud/ovd,modules/cellar/src/main/scala/com/clevercloud/cellar/routes/CellarRoutes.scala:168,https://gitlab.corp.clever-cloud.com/clever-cloud/ovd,modules/cellar/src/main/scala/com/clevercloud/cellar/models/package.scala (CellarCredentials)
cc-api,UploadCellarObjectCommand,Cellar,4,https://gitlab.corp.clever-cloud.com/clever-cloud/ovd,modules/cellar/src/main/scala/com/clevercloud/cellar/routes/CellarRoutes.scala:236 -> modules/cellar/src/main/scala/com/clevercloud/cellar/api/routes.scala:344,https://gitlab.corp.clever-cloud.com/clever-cloud/ovd,core/src/main/scala/com/clevercloud/core/models/PresignedURL.scala
cc-api,UploadCellarObjectInnerCommand,Cellar,4,https://gitlab.corp.clever-cloud.com/clever-cloud/ovd,modules/cellar/src/main/scala/com/clevercloud/cellar/routes/CellarRoutes.scala:236 -> modules/cellar/src/main/scala/com/clevercloud/cellar/api/routes.scala:344,https://gitlab.corp.clever-cloud.com/clever-cloud/ovd,modules/cellar/src/main/scala/com/clevercloud/cellar/models/package.scala (UploadObjectResponse)
cc-api,GetConfigProviderCommand,ConfigProvider,4,https://gitlab.corp.clever-cloud.com/clever-cloud/ovd,modules/configprovider/src/main/scala/com/clevercloud/configprovider/routes/AddonConfigProviderRoutes.scala:94,https://gitlab.corp.clever-cloud.com/clever-cloud/ovd,core/src/main/scala/com/clevercloud/core/models/EnvVar.scala
cc-api,UpdateConfigProviderCommand,ConfigProvider,4,https://gitlab.corp.clever-cloud.com/clever-cloud/ovd,modules/configprovider/src/main/scala/com/clevercloud/configprovider/routes/AddonConfigProviderRoutes.scala:93,https://gitlab.corp.clever-cloud.com/clever-cloud/ovd,core/src/main/scala/com/clevercloud/core/models/EnvVar.scala
cc-api,ActivateCouponCommand,Credits,4,https://gitlab.corp.clever-cloud.com/clever-cloud/billing-api,src/main/scala/com/clevercloud/billingapi/controllers/OrganisationCouponsRoutes.scala:65,https://gitlab.corp.clever-cloud.com/clever-cloud/billing-api,src/main/scala/com/clevercloud/billingapi/models/coupons.scala:395
cc-api,GetCreditsSummaryCommand,Credits,4,https://gitlab.corp.clever-cloud.com/clever-cloud/billing-api,src/main/scala/com/clevercloud/billingapi/controllers/OrganisationCreditsRoutes.scala:79,https://gitlab.corp.clever-cloud.com/clever-cloud/billing-api,src/main/scala/com/clevercloud/billingapi/services/CreditsBalance.scala:24
cc-api,CancelDeploymentCommand,Deployment,2,https://gitlab.corp.clever-cloud.com/core-team/cc-api,src/main/java/com/clevercloud/ccapi/api/organisation/OrganisationApplicationDeploymentsAPI.java:55,https://gitlab.corp.clever-cloud.com/core-team/cc-api,src/main/java/com/clevercloud/ccapi/models/message/struct/Message.java
cc-api,GetDeploymentCommand,Deployment,4,https://gitlab.corp.clever-cloud.com/clever-cloud/ovd,core/src/main/scala/com/clevercloud/orchestration/routes/OrchestrationRoutes.scala:140,https://gitlab.corp.clever-cloud.com/clever-cloud/ovd,core/src/main/scala/com/clevercloud/orchestration/models/Deployment.scala (DeploymentView)
cc-api,GetDeploymentCommandLegacy,Deployment,2,https://gitlab.corp.clever-cloud.com/core-team/cc-api,src/main/java/com/clevercloud/ccapi/api/organisation/OrganisationApplicationDeploymentsAPI.java:48,https://gitlab.corp.clever-cloud.com/clever-cloud/ccapidto,src/main/java/com/clevercloud/ccapi/output/application/DeploymentView.java
cc-api,ListApplicationDeploymentCommand,Deployment,2,https://gitlab.corp.clever-cloud.com/core-team/cc-api,src/main/java/com/clevercloud/ccapi/api/organisation/OrganisationApplicationDeploymentsAPI.java:39,https://gitlab.corp.clever-cloud.com/clever-cloud/ccapidto,src/main/java/com/clevercloud/ccapi/output/application/DeploymentView.java
cc-api,ListDeploymentCommand,Deployment,2,https://gitlab.corp.clever-cloud.com/core-team/cc-api,src/main/java/com/clevercloud/ccapi/api/organisation/OrganisationAPI.java:124,https://gitlab.corp.clever-cloud.com/clever-cloud/ccapidto,src/main/java/com/clevercloud/ccapi/output/application/DeploymentView.java:11
cc-api,ListOrganisationDeploymentCommand,Deployment,2,https://gitlab.corp.clever-cloud.com/core-team/cc-api,src/main/java/com/clevercloud/ccapi/api/organisation/OrganisationAPI.java:124,https://gitlab.corp.clever-cloud.com/clever-cloud/ccapidto,src/main/java/com/clevercloud/ccapi/output/application/DeploymentView.java (in a MultivaluedMap keyed by application id)
cc-api,CreateDomainCommand,Domain,2,https://gitlab.corp.clever-cloud.com/core-team/cc-api,src/main/java/com/clevercloud/ccapi/api/organisation/OrganisationApplicationVhostsAPI.java:62,https://gitlab.corp.clever-cloud.com/core-team/cc-api,src/main/java/com/clevercloud/ccapi/models/message/struct/Message.java
cc-api,DeleteDomainCommand,Domain,2,https://gitlab.corp.clever-cloud.com/core-team/cc-api,src/main/java/com/clevercloud/ccapi/api/organisation/OrganisationApplicationVhostsAPI.java:85,https://gitlab.corp.clever-cloud.com/core-team/cc-api,src/main/java/com/clevercloud/ccapi/models/message/struct/Message.java
cc-api,GetPrimaryDomainCommand,Domain,2,https://gitlab.corp.clever-cloud.com/core-team/cc-api,src/main/java/com/clevercloud/ccapi/api/organisation/OrganisationApplicationVhostsAPI.java:42,https://gitlab.corp.clever-cloud.com/clever-cloud/ccapidto,src/main/java/com/clevercloud/ccapi/output/application/VhostView.java
cc-api,GetPrimaryDomainInnerCommand,Domain,2,https://gitlab.corp.clever-cloud.com/core-team/cc-api,src/main/java/com/clevercloud/ccapi/api/organisation/OrganisationApplicationVhostsAPI.java:107,https://gitlab.corp.clever-cloud.com/clever-cloud/ccapidto,src/main/java/com/clevercloud/ccapi/output/application/VhostView.java
cc-api,ListDomainCommand,Domain,2,https://gitlab.corp.clever-cloud.com/core-team/cc-api,src/main/java/com/clevercloud/ccapi/api/organisation/OrganisationApplicationVhostsAPI.java:42,https://gitlab.corp.clever-cloud.com/clever-cloud/ccapidto,src/main/java/com/clevercloud/ccapi/output/application/VhostView.java
cc-api,ListDomainInnerCommand,Domain,2,https://gitlab.corp.clever-cloud.com/core-team/cc-api,src/main/java/com/clevercloud/ccapi/api/organisation/OrganisationApplicationVhostsAPI.java:42,https://gitlab.corp.clever-cloud.com/clever-cloud/ccapidto,src/main/java/com/clevercloud/ccapi/output/application/VhostView.java
cc-api,SetPrimaryDomainCommand,Domain,2,https://gitlab.corp.clever-cloud.com/core-team/cc-api,src/main/java/com/clevercloud/ccapi/api/organisation/OrganisationApplicationVhostsAPI.java:128,https://gitlab.corp.clever-cloud.com/clever-cloud/ccapidto,src/main/java/com/clevercloud/ccapi/output/application/VhostView.java
cc-api,UnsetPrimaryDomainCommand,Domain,2,https://gitlab.corp.clever-cloud.com/core-team/cc-api,src/main/java/com/clevercloud/ccapi/api/organisation/OrganisationApplicationVhostsAPI.java:152,https://gitlab.corp.clever-cloud.com/core-team/cc-api,"N/A (empty 200, no body)"
cc-api,GetElasticsearchInfoCommand,Elasticsearch,2,https://gitlab.corp.clever-cloud.com/clever-cloud/dbaas/addon-api-elasticsearch,conf/routes (controllers.Application),https://gitlab.corp.clever-cloud.com/clever-cloud/dbaas/addon-api-elasticsearch,app/models/dto.scala
cc-api,CreateOrUpdateEnvironmentVariableCommand,Environment,2,https://gitlab.corp.clever-cloud.com/core-team/cc-api,src/main/java/com/clevercloud/ccapi/api/organisation/OrganisationApplicationsAPI.java:388,https://gitlab.corp.clever-cloud.com/clever-cloud/ccapidto,src/main/java/com/clevercloud/ccapi/output/application/ApplicationView.java
cc-api,DeleteEnvironmentVariableCommand,Environment,2,https://gitlab.corp.clever-cloud.com/core-team/cc-api,src/main/java/com/clevercloud/ccapi/api/organisation/OrganisationApplicationsAPI.java:463,https://gitlab.corp.clever-cloud.com/clever-cloud/ccapidto,src/main/java/com/clevercloud/ccapi/output/application/ApplicationView.java
cc-api,GetAddonEnvironmentCommand,Environment,2,https://gitlab.corp.clever-cloud.com/core-team/cc-api,src/main/java/com/clevercloud/ccapi/api/organisation/OrganisationAddonsAPI.java:127,https://gitlab.corp.clever-cloud.com/clever-cloud/ccapidto,src/main/java/com/clevercloud/ccapi/output/application/AddonEnvironmentView.java
cc-api,GetApplicationEnvironmentCommand,Environment,2,https://gitlab.corp.clever-cloud.com/core-team/cc-api,src/main/java/com/clevercloud/ccapi/api/organisation/OrganisationApplicationsAPI.java:440,https://gitlab.corp.clever-cloud.com/clever-cloud/ccapidto,src/main/java/com/clevercloud/ccapi/output/application/AddonEnvironmentView.java
cc-api,GetEnvironmentCommand,Environment,2,https://gitlab.corp.clever-cloud.com/core-team/cc-api,src/main/java/com/clevercloud/ccapi/api/organisation/OrganisationApplicationsAPI.java:440,https://gitlab.corp.clever-cloud.com/clever-cloud/ccapidto,src/main/java/com/clevercloud/ccapi/output/application/AddonEnvironmentView.java
cc-api,GetExposedEnvironmentCommand,Environment,2,https://gitlab.corp.clever-cloud.com/core-team/cc-api,src/main/java/com/clevercloud/ccapi/api/organisation/OrganisationApplicationsAPI.java:618 -> src/main/java/com/clevercloud/ccapi/helpers/application/ApplicationEnvironmentHelper.java:70,https://gitlab.corp.clever-cloud.com/core-team/cc-api,"N/A (Map<String, String> serialized as a JSON object)"
cc-api,GetLinkedAddonEnvironmentCommand,Environment,2,https://gitlab.corp.clever-cloud.com/core-team/cc-api,src/main/java/com/clevercloud/ccapi/api/organisation/OrganisationApplicationsAPI.java:558,https://gitlab.corp.clever-cloud.com/clever-cloud/ccapidto,src/main/java/com/clevercloud/ccapi/output/application/LinkedAddonEnvironmentView.java
cc-api,GetLinkedApplicationEnvironmentCommand,Environment,2,https://gitlab.corp.clever-cloud.com/core-team/cc-api,src/main/java/com/clevercloud/ccapi/api/organisation/OrganisationApplicationDependenciesAPI.java:48 (no @ApiResponse; DTO from ApplicationDependenciesHelper.returnEnvs),https://gitlab.corp.clever-cloud.com/clever-cloud/ccapidto,src/main/java/com/clevercloud/ccapi/output/application/LinkedAppEnvironmentView.java
cc-api,UpdateEnvironmentCommand,Environment,2,https://gitlab.corp.clever-cloud.com/core-team/cc-api,src/main/java/com/clevercloud/ccapi/api/organisation/OrganisationApplicationsAPI.java:414,https://gitlab.corp.clever-cloud.com/clever-cloud/ccapidto,src/main/java/com/clevercloud/ccapi/output/application/ApplicationView.java
cc-api,UpdateExposedEnvironmentCommand,Environment,2,https://gitlab.corp.clever-cloud.com/core-team/cc-api,src/main/java/com/clevercloud/ccapi/api/organisation/OrganisationApplicationsAPI.java:641,https://gitlab.corp.clever-cloud.com/core-team/cc-api,src/main/java/com/clevercloud/ccapi/models/message/struct/Message.java
cc-api,GetGithubLinkTransactionIdCommand,Github,2,https://gitlab.corp.clever-cloud.com/core-team/cc-api,src/main/java/com/clevercloud/ccapi/api/oauth/GithubAPI.java:49,https://gitlab.corp.clever-cloud.com/clever-cloud/ccapidto,src/main/java/com/clevercloud/ccapi/output/oauth/OAuthTransactionView.java
cc-api,GetGithubUsernameCommand,Github,2,https://gitlab.corp.clever-cloud.com/core-team/cc-api,src/main/java/com/clevercloud/ccapi/api/oauth/GithubAPI.java:174,https://gitlab.corp.clever-cloud.com/core-team/cc-api,N/A (primitive String)
cc-api,ListGithubApplicationCommand,Github,2,https://gitlab.corp.clever-cloud.com/core-team/cc-api,src/main/java/com/clevercloud/ccapi/api/oauth/GithubAPI.java:164,https://gitlab.corp.clever-cloud.com/clever-cloud/ccapidto,src/main/java/com/clevercloud/ccapi/output/application/OAuthApplicationView.java
cc-api,UnlinkGithubAccountCommand,Github,2,https://gitlab.corp.clever-cloud.com/core-team/cc-api,src/main/java/com/clevercloud/ccapi/api/oauth/GithubAPI.java:92,https://gitlab.corp.clever-cloud.com/core-team/cc-api,src/main/java/com/clevercloud/ccapi/models/message/struct/Message.java
cc-api,DisableGrafanaCommand,Grafana,4,https://gitlab.corp.clever-cloud.com/clever-cloud/ovd,modules/grafanashared/src/main/scala/com/clevercloud/grafanashared/routes/consoleRoutes.scala:42,https://gitlab.corp.clever-cloud.com/clever-cloud/ovd,Unit (no response body)
cc-api,EnableGrafanaCommand,Grafana,4,https://gitlab.corp.clever-cloud.com/clever-cloud/ovd,modules/grafanashared/src/main/scala/com/clevercloud/grafanashared/routes/consoleRoutes.scala:33,https://gitlab.corp.clever-cloud.com/clever-cloud/ovd,modules/grafanashared/src/main/scala/com/clevercloud/grafanashared/types/GrafanaOrgId.scala
cc-api,GetGrafanaCommand,Grafana,4,https://gitlab.corp.clever-cloud.com/clever-cloud/ovd,modules/grafanashared/src/main/scala/com/clevercloud/grafanashared/routes/consoleRoutes.scala:24,https://gitlab.corp.clever-cloud.com/clever-cloud/ovd,modules/grafanashared/src/main/scala/com/clevercloud/grafanashared/types/GrafanaOrgId.scala
cc-api,InnerEnableGrafanaCommand,Grafana,4,https://gitlab.corp.clever-cloud.com/clever-cloud/ovd,modules/grafanashared/src/main/scala/com/clevercloud/grafanashared/routes/consoleRoutes.scala:33,https://gitlab.corp.clever-cloud.com/clever-cloud/ovd,modules/grafanashared/src/main/scala/com/clevercloud/grafanashared/types/GrafanaOrgId.scala
cc-api,ResetGrafanaCommand,Grafana,4,https://gitlab.corp.clever-cloud.com/clever-cloud/ovd,modules/grafanashared/src/main/scala/com/clevercloud/grafanashared/routes/consoleRoutes.scala:51,https://gitlab.corp.clever-cloud.com/clever-cloud/ovd,Unit (no response body)
cc-api,GetHeptapodPriceEstimationCommand,Heptapod,2,https://gitlab.corp.clever-cloud.com/clever-cloud/gitlab-heptapod-integration,src/main/scala/com/clevercloud/gitlab-heptapod-integration/controllers/ApplicationRoutes.scala:126,https://gitlab.corp.clever-cloud.com/clever-cloud/gitlab-heptapod-integration,src/main/scala/com/clevercloud/gitlab-heptapod-integration/models/Billing.scala
cc-api,GetApplicationInstanceCommand,Instance,4,https://gitlab.corp.clever-cloud.com/clever-cloud/ovd,core/src/main/scala/com/clevercloud/orchestration/routes/OrchestrationRoutes.scala:200,https://gitlab.corp.clever-cloud.com/clever-cloud/ovd,core/src/main/scala/com/clevercloud/core/models/capacity/instance/Instance.scala (InstanceView)
cc-api,ListApplicationInstanceCommand,Instance,4,https://gitlab.corp.clever-cloud.com/clever-cloud/ovd,core/src/main/scala/com/clevercloud/orchestration/routes/OrchestrationRoutes.scala:161,https://gitlab.corp.clever-cloud.com/clever-cloud/ovd,core/src/main/scala/com/clevercloud/core/models/capacity/instance/Instance.scala (InstanceView)
cc-api,GetInvoiceCommand,Invoice,4,https://gitlab.corp.clever-cloud.com/clever-cloud/billing-api,src/main/scala/com/clevercloud/billingapi/controllers/OrganisationInvoiceRoutes.scala:258,https://gitlab.corp.clever-cloud.com/clever-cloud/clevercloud-scala-dto,src/main/scala/com.clevercloud.scaladto/billing/invoice_data.scala:102
cc-api,GetInvoiceHtmlCommand,Invoice,4,https://gitlab.corp.clever-cloud.com/clever-cloud/billing-api,src/main/scala/com/clevercloud/billingapi/controllers/OrganisationInvoiceRoutes.scala:301,https://gitlab.corp.clever-cloud.com/clever-cloud/billing-api,"N/A (text/html, the invoice rendered as a page)"
cc-api,GetInvoicePdfCommand,Invoice,4,https://gitlab.corp.clever-cloud.com/clever-cloud/billing-api,src/main/scala/com/clevercloud/billingapi/controllers/OrganisationInvoiceRoutes.scala:393,https://gitlab.corp.clever-cloud.com/clever-cloud/billing-api,"N/A (application/pdf, binary body)"
cc-api,ListInvoiceCommand,Invoice,4,https://gitlab.corp.clever-cloud.com/clever-cloud/billing-api,src/main/scala/com/clevercloud/billingapi/controllers/OrganisationInvoiceRoutes.scala:85,https://gitlab.corp.clever-cloud.com/clever-cloud/clevercloud-scala-dto,src/main/scala/com.clevercloud.scaladto/billing/invoice_data.scala:156
cc-api,ListUnpaidInvoiceCommand,Invoice,4,https://gitlab.corp.clever-cloud.com/clever-cloud/billing-api,src/main/scala/com/clevercloud/billingapi/controllers/OrganisationInvoiceRoutes.scala:744,https://gitlab.corp.clever-cloud.com/clever-cloud/clevercloud-scala-dto,src/main/scala/com.clevercloud.scaladto/billing/invoice_data.scala:156
cc-api,GetJenkinsInfoCommand,Jenkins,4,https://gitlab.corp.clever-cloud.com/clever-cloud/dbaas/addon-api-jenkins,conf/routes:33 -> app/controllers/Application.scala:119,https://gitlab.corp.clever-cloud.com/clever-cloud/dbaas/addon-api-jenkins,app/models/JenkinsAddon.scala:13
cc-api,GetJenkinsInfoInnerCommand,Jenkins,4,https://gitlab.corp.clever-cloud.com/clever-cloud/dbaas/addon-api-jenkins,conf/routes:33 -> app/controllers/Application.scala:119,https://gitlab.corp.clever-cloud.com/clever-cloud/dbaas/addon-api-jenkins,app/models/JenkinsAddon.scala:13
cc-api,GetJenkinsUpdatesCommand,Jenkins,4,https://gitlab.corp.clever-cloud.com/clever-cloud/dbaas/addon-api-jenkins,conf/routes:34 -> app/controllers/Application.scala:125,https://gitlab.corp.clever-cloud.com/clever-cloud/dbaas/addon-api-jenkins,app/models/UpdateCenterOps.scala:17 (UpdateCenterView)
cc-api,CheckKeycloakVersionCommand,Keycloak,4,https://gitlab.corp.clever-cloud.com/clever-cloud/ovd,modules/keycloak/src/main/scala/com/clevercloud/keycloak/routes/AddonKeycloakRoutes.scala:93,https://gitlab.corp.clever-cloud.com/clever-cloud/ovd,modules/keycloak/src/main/scala/com/clevercloud/keycloak/models/KeycloakAddonView.scala (VersionCheck)
cc-api,CreateKeycloakNetworkGroupCommand,Keycloak,4,https://gitlab.corp.clever-cloud.com/clever-cloud/ovd,modules/keycloak/src/main/scala/com/clevercloud/keycloak/routes/AddonKeycloakRoutes.scala:85,https://gitlab.corp.clever-cloud.com/clever-cloud/ovd,modules/keycloak/src/main/scala/com/clevercloud/keycloak/models/KeycloakAddonView.scala (AddonView)
cc-api,DeleteKeycloakNetworkGroupCommand,Keycloak,4,https://gitlab.corp.clever-cloud.com/clever-cloud/ovd,modules/keycloak/src/main/scala/com/clevercloud/keycloak/routes/AddonKeycloakRoutes.scala:89,https://gitlab.corp.clever-cloud.com/clever-cloud/ovd,Unit (no response body)
cc-api,GetKeycloakInfoCommand,Keycloak,4,https://gitlab.corp.clever-cloud.com/clever-cloud/ovd,modules/keycloak/src/main/scala/com/clevercloud/keycloak/routes/AddonKeycloakRoutes.scala:81,https://gitlab.corp.clever-cloud.com/clever-cloud/ovd,modules/keycloak/src/main/scala/com/clevercloud/keycloak/models/KeycloakAddonView.scala (AddonView)
cc-api,RebootKeycloakCommand,Keycloak,4,https://gitlab.corp.clever-cloud.com/clever-cloud/ovd,modules/keycloak/src/main/scala/com/clevercloud/keycloak/routes/AddonKeycloakRoutes.scala:73,https://gitlab.corp.clever-cloud.com/clever-cloud/ovd,Unit (no response body)
cc-api,RebuildKeycloakCommand,Keycloak,4,https://gitlab.corp.clever-cloud.com/clever-cloud/ovd,modules/keycloak/src/main/scala/com/clevercloud/keycloak/routes/AddonKeycloakRoutes.scala:77,https://gitlab.corp.clever-cloud.com/clever-cloud/ovd,Unit (no response body)
cc-api,UpdateKeycloakVersionCommand,Keycloak,4,https://gitlab.corp.clever-cloud.com/clever-cloud/ovd,modules/keycloak/src/main/scala/com/clevercloud/keycloak/routes/AddonKeycloakRoutes.scala:97,https://gitlab.corp.clever-cloud.com/clever-cloud/ovd,modules/keycloak/src/main/scala/com/clevercloud/keycloak/models/KeycloakAddonView.scala (AddonView)
cc-api,AddKubernetesPersistentStorageCommand,Kubernetes,4,https://gitlab.corp.clever-cloud.com/clever-cloud/ovd,modules/kubernetes/src/main/scala/com/clevercloud/kubernetes/routes/routes.scala:154,https://gitlab.corp.clever-cloud.com/clever-cloud/ovd,modules/kubernetes/src/main/scala/com/clevercloud/kubernetes/models/Cluster.scala (ClusterView)
cc-api,CheckKubernetesClusterVersionCommand,Kubernetes,4,https://gitlab.corp.clever-cloud.com/clever-cloud/ovd,modules/kubernetes/src/main/scala/com/clevercloud/kubernetes/routes/routes.scala:206,https://gitlab.corp.clever-cloud.com/clever-cloud/ovd,modules/kubernetes/src/main/scala/com/clevercloud/kubernetes/models/ClusterVersionCheck.scala
cc-api,CreateKubernetesClusterCommand,Kubernetes,4,https://gitlab.corp.clever-cloud.com/clever-cloud/ovd,modules/kubernetes/src/main/scala/com/clevercloud/kubernetes/routes/routes.scala:66,https://gitlab.corp.clever-cloud.com/clever-cloud/ovd,modules/kubernetes/src/main/scala/com/clevercloud/kubernetes/models/Cluster.scala (ClusterView)
cc-api,CreateKubernetesClusterCommandInner,Kubernetes,4,https://gitlab.corp.clever-cloud.com/clever-cloud/ovd,modules/kubernetes/src/main/scala/com/clevercloud/kubernetes/routes/routes.scala:66,https://gitlab.corp.clever-cloud.com/clever-cloud/ovd,modules/kubernetes/src/main/scala/com/clevercloud/kubernetes/models/Cluster.scala (ClusterView)
cc-api,CreateKubernetesNodeGroupCommand,Kubernetes,4,https://gitlab.corp.clever-cloud.com/clever-cloud/ovd,modules/kubernetes/src/main/scala/com/clevercloud/kubernetes/routes/routes.scala:123,https://gitlab.corp.clever-cloud.com/clever-cloud/ovd,modules/kubernetes/src/main/scala/com/clevercloud/kubernetes/models/NodeGroup.scala (NodeGroupView)
cc-api,DeleteKubernetesClusterCommand,Kubernetes,4,https://gitlab.corp.clever-cloud.com/clever-cloud/ovd,modules/kubernetes/src/main/scala/com/clevercloud/kubernetes/routes/routes.scala:75,https://gitlab.corp.clever-cloud.com/clever-cloud/ovd,modules/kubernetes/src/main/scala/com/clevercloud/kubernetes/models/Cluster.scala
cc-api,DeleteKubernetesClusterCommandInner,Kubernetes,4,https://gitlab.corp.clever-cloud.com/clever-cloud/ovd,modules/kubernetes/src/main/scala/com/clevercloud/kubernetes/routes/routes.scala:75,https://gitlab.corp.clever-cloud.com/clever-cloud/ovd,modules/kubernetes/src/main/scala/com/clevercloud/kubernetes/models/Cluster.scala (ClusterView)
cc-api,DeleteKubernetesNodeGroupCommand,Kubernetes,4,https://gitlab.corp.clever-cloud.com/clever-cloud/ovd,modules/kubernetes/src/main/scala/com/clevercloud/kubernetes/routes/routes.scala:132,https://gitlab.corp.clever-cloud.com/clever-cloud/ovd,modules/kubernetes/src/main/scala/com/clevercloud/kubernetes/models/NodeGroup.scala
cc-api,GetKubernetesClusterCommand,Kubernetes,4,https://gitlab.corp.clever-cloud.com/clever-cloud/ovd,modules/kubernetes/src/main/scala/com/clevercloud/kubernetes/routes/routes.scala:59,https://gitlab.corp.clever-cloud.com/clever-cloud/ovd,modules/kubernetes/src/main/scala/com/clevercloud/kubernetes/models/Cluster.scala
cc-api,GetKubernetesKubeconfigCommand,Kubernetes,4,https://gitlab.corp.clever-cloud.com/clever-cloud/ovd,modules/kubernetes/src/main/scala/com/clevercloud/kubernetes/routes/routes.scala:97,https://gitlab.corp.clever-cloud.com/clever-cloud/ovd,N/A (stringBody: the kubeconfig YAML file)
cc-api,GetKubernetesKubeconfigPresignedUrlCommand,Kubernetes,4,https://gitlab.corp.clever-cloud.com/clever-cloud/ovd,modules/kubernetes/src/main/scala/com/clevercloud/kubernetes/routes/routes.scala:90,https://gitlab.corp.clever-cloud.com/clever-cloud/ovd,core/src/main/scala/com/clevercloud/core/models/PresignedURL.scala
cc-api,GetKubernetesNodeGroupCommand,Kubernetes,4,https://gitlab.corp.clever-cloud.com/clever-cloud/ovd,modules/kubernetes/src/main/scala/com/clevercloud/kubernetes/routes/routes.scala:116,https://gitlab.corp.clever-cloud.com/clever-cloud/ovd,modules/kubernetes/src/main/scala/com/clevercloud/kubernetes/models/NodeGroup.scala
cc-api,GetKubernetesProductCommand,Kubernetes,4,https://gitlab.corp.clever-cloud.com/clever-cloud/ovd,modules/kubernetes/src/main/scala/com/clevercloud/kubernetes/routes/routes.scala:32,https://gitlab.corp.clever-cloud.com/clever-cloud/ovd,modules/kubernetes/src/main/scala/com/clevercloud/kubernetes/models/KubernetesServiceConfig.scala
cc-api,GetKubernetesQuotaCommand,Kubernetes,4,https://gitlab.corp.clever-cloud.com/clever-cloud/ovd,modules/kubernetes/src/main/scala/com/clevercloud/kubernetes/routes/routes.scala:259,https://gitlab.corp.clever-cloud.com/clever-cloud/ovd,core/src/main/scala/com/clevercloud/core/models/quota/Quota.scala
cc-api,ListKubernetesClusterCommand,Kubernetes,4,https://gitlab.corp.clever-cloud.com/clever-cloud/ovd,modules/kubernetes/src/main/scala/com/clevercloud/kubernetes/routes/routes.scala:51,https://gitlab.corp.clever-cloud.com/clever-cloud/ovd,modules/kubernetes/src/main/scala/com/clevercloud/kubernetes/models/Cluster.scala
cc-api,ListKubernetesClusterEventCommand,Kubernetes,4,https://gitlab.corp.clever-cloud.com/clever-cloud/ovd,modules/kubernetes/src/main/scala/com/clevercloud/kubernetes/routes/routes.scala:198,https://gitlab.corp.clever-cloud.com/clever-cloud/ovd,modules/kubernetes/src/main/scala/com/clevercloud/kubernetes/models/ClusterDeploymentEvent.scala
cc-api,ListKubernetesNodeGroupCommand,Kubernetes,4,https://gitlab.corp.clever-cloud.com/clever-cloud/ovd,modules/kubernetes/src/main/scala/com/clevercloud/kubernetes/routes/routes.scala:108,https://gitlab.corp.clever-cloud.com/clever-cloud/ovd,modules/kubernetes/src/main/scala/com/clevercloud/kubernetes/models/NodeGroup.scala
cc-api,ListKubernetesUsageCommand,Kubernetes,4,https://gitlab.corp.clever-cloud.com/clever-cloud/ovd,modules/kubernetes/src/main/scala/com/clevercloud/kubernetes/routes/routes.scala:266,https://gitlab.corp.clever-cloud.com/clever-cloud/ovd,modules/kubernetes/src/main/scala/com/clevercloud/kubernetes/models/ClusterItemUsageView.scala
cc-api,RedeployKubernetesClusterCommand,Kubernetes,4,https://gitlab.corp.clever-cloud.com/clever-cloud/ovd,modules/kubernetes/src/main/scala/com/clevercloud/kubernetes/routes/routes.scala:168,https://gitlab.corp.clever-cloud.com/clever-cloud/ovd,modules/kubernetes/src/main/scala/com/clevercloud/kubernetes/models/Cluster.scala
cc-api,RedeployKubernetesClusterCommandInner,Kubernetes,4,https://gitlab.corp.clever-cloud.com/clever-cloud/ovd,modules/kubernetes/src/main/scala/com/clevercloud/kubernetes/routes/routes.scala:168,https://gitlab.corp.clever-cloud.com/clever-cloud/ovd,modules/kubernetes/src/main/scala/com/clevercloud/kubernetes/models/Cluster.scala (ClusterView)
cc-api,ResumeKubernetesClusterCommand,Kubernetes,4,https://gitlab.corp.clever-cloud.com/clever-cloud/ovd,modules/kubernetes/src/main/scala/com/clevercloud/kubernetes/routes/routes.scala:161,https://gitlab.corp.clever-cloud.com/clever-cloud/ovd,modules/kubernetes/src/main/scala/com/clevercloud/kubernetes/models/Cluster.scala
cc-api,ResumeKubernetesClusterCommandInner,Kubernetes,4,https://gitlab.corp.clever-cloud.com/clever-cloud/ovd,modules/kubernetes/src/main/scala/com/clevercloud/kubernetes/routes/routes.scala:161,https://gitlab.corp.clever-cloud.com/clever-cloud/ovd,modules/kubernetes/src/main/scala/com/clevercloud/kubernetes/models/Cluster.scala (ClusterView)
cc-api,ResumeKubernetesNodeGroupCommand,Kubernetes,4,https://gitlab.corp.clever-cloud.com/clever-cloud/ovd,modules/kubernetes/src/main/scala/com/clevercloud/kubernetes/routes/routes.scala:147,https://gitlab.corp.clever-cloud.com/clever-cloud/ovd,modules/kubernetes/src/main/scala/com/clevercloud/kubernetes/models/NodeGroup.scala
cc-api,UpdateKubernetesClusterCommand,Kubernetes,4,https://gitlab.corp.clever-cloud.com/clever-cloud/ovd,modules/kubernetes/src/main/scala/com/clevercloud/kubernetes/routes/routes.scala:82,https://gitlab.corp.clever-cloud.com/clever-cloud/ovd,modules/kubernetes/src/main/scala/com/clevercloud/kubernetes/models/Cluster.scala
cc-api,UpdateKubernetesClusterVersionCommand,Kubernetes,4,https://gitlab.corp.clever-cloud.com/clever-cloud/ovd,modules/kubernetes/src/main/scala/com/clevercloud/kubernetes/routes/routes.scala:213,https://gitlab.corp.clever-cloud.com/clever-cloud/ovd,modules/kubernetes/src/main/scala/com/clevercloud/kubernetes/models/Cluster.scala
cc-api,UpdateKubernetesClusterVersionCommandInner,Kubernetes,4,https://gitlab.corp.clever-cloud.com/clever-cloud/ovd,modules/kubernetes/src/main/scala/com/clevercloud/kubernetes/routes/routes.scala:213,https://gitlab.corp.clever-cloud.com/clever-cloud/ovd,modules/kubernetes/src/main/scala/com/clevercloud/kubernetes/models/Cluster.scala (ClusterView)
cc-api,UpdateKubernetesNodeGroupCommand,Kubernetes,4,https://gitlab.corp.clever-cloud.com/clever-cloud/ovd,modules/kubernetes/src/main/scala/com/clevercloud/kubernetes/routes/routes.scala:139,https://gitlab.corp.clever-cloud.com/clever-cloud/ovd,modules/kubernetes/src/main/scala/com/clevercloud/kubernetes/models/NodeGroup.scala
cc-api,AddApplicationToAddonLinkCommand,Link,2,https://gitlab.corp.clever-cloud.com/core-team/cc-api,src/main/java/com/clevercloud/ccapi/api/organisation/OrganisationApplicationsAPI.java:581,https://gitlab.corp.clever-cloud.com/core-team/cc-api,"N/A (204 No Content, no body)"
cc-api,AddApplicationToApplicationLinkCommand,Link,2,https://gitlab.corp.clever-cloud.com/core-team/cc-api,src/main/java/com/clevercloud/ccapi/api/organisation/OrganisationApplicationDependenciesAPI.java:56,https://gitlab.corp.clever-cloud.com/core-team/cc-api,src/main/java/com/clevercloud/ccapi/models/message/struct/Message.java
cc-api,AddLinkCommand,Link,2,https://gitlab.corp.clever-cloud.com/core-team/cc-api,src/main/java/com/clevercloud/ccapi/api/organisation/OrganisationApplicationDependenciesAPI.java:56,https://gitlab.corp.clever-cloud.com/core-team/cc-api,src/main/java/com/clevercloud/ccapi/models/message/struct/Message.java
cc-api,ListAddonToApplicationLinkCommand,Link,2,https://gitlab.corp.clever-cloud.com/core-team/cc-api,src/main/java/com/clevercloud/ccapi/api/organisation/OrganisationAddonsAPI.java:138,https://gitlab.corp.clever-cloud.com/clever-cloud/ccapidto,src/main/java/com/clevercloud/ccapi/output/application/ApplicationView.java
cc-api,ListApplicationToAddonLinkCommand,Link,2,https://gitlab.corp.clever-cloud.com/core-team/cc-api,src/main/java/com/clevercloud/ccapi/api/organisation/OrganisationApplicationsAPI.java:535,https://gitlab.corp.clever-cloud.com/clever-cloud/ccapidto,src/main/java/com/clevercloud/ccapi/output/addon/AddonView.java
cc-api,ListApplicationToApplicationLinkCommand,Link,2,https://gitlab.corp.clever-cloud.com/core-team/cc-api,src/main/java/com/clevercloud/ccapi/api/organisation/OrganisationApplicationDependenciesAPI.java:38,https://gitlab.corp.clever-cloud.com/clever-cloud/ccapidto,src/main/java/com/clevercloud/ccapi/output/application/ApplicationView.java
cc-api,ListLinkCommand,Link,2,https://gitlab.corp.clever-cloud.com/core-team/cc-api,src/main/java/com/clevercloud/ccapi/api/organisation/OrganisationAddonsAPI.java:138 (composite; the two application routes it also calls have their own ListApplicationTo*LinkCommand rows),https://gitlab.corp.clever-cloud.com/clever-cloud/ccapidto,src/main/java/com/clevercloud/ccapi/output/application/ApplicationView.java
cc-api,RemoveApplicationToAddonLinkCommand,Link,2,https://gitlab.corp.clever-cloud.com/core-team/cc-api,src/main/java/com/clevercloud/ccapi/api/organisation/OrganisationApplicationsAPI.java:600,https://gitlab.corp.clever-cloud.com/core-team/cc-api,"N/A (204 No Content, no body)"
cc-api,RemoveApplicationToApplicationLinkCommand,Link,2,https://gitlab.corp.clever-cloud.com/core-team/cc-api,src/main/java/com/clevercloud/ccapi/api/organisation/OrganisationApplicationDependenciesAPI.java:67,https://gitlab.corp.clever-cloud.com/core-team/cc-api,"N/A (empty 200, no body)"
cc-api,RemoveLinkCommand,Link,2,https://gitlab.corp.clever-cloud.com/core-team/cc-api,src/main/java/com/clevercloud/ccapi/api/organisation/OrganisationApplicationDependenciesAPI.java:67,https://gitlab.corp.clever-cloud.com/core-team/cc-api,"N/A (empty 200, no body)"
cc-api,GetLoadBalancerInfoCommand,LoadBalancer,4,https://gitlab.corp.clever-cloud.com/clever-cloud/ovd,modules/loadbalancerinfo/src/main/scala/com/clevercloud/loadbalancerinfo/routes/LoadBalancerRoutes.scala:45,https://gitlab.corp.clever-cloud.com/clever-cloud/ovd,core/src/main/scala/com/clevercloud/core/models/network/loadbalancer/LoadBalancer.scala
cc-api,CheckLogDrainCommand,LogDrain,4,https://gitlab.corp.clever-cloud.com/clever-cloud/ovd,modules/log/src/main/scala/com/clevercloud/log/api/routes.scala:213,https://gitlab.corp.clever-cloud.com/clever-cloud/ovd,modules/log/src/main/scala/com/clevercloud/log/models/drains/DrainProbe.scala (ProbeResult)
cc-api,CreateLogDrainCommand,LogDrain,4,https://gitlab.corp.clever-cloud.com/clever-cloud/ovd,modules/log/src/main/scala/com/clevercloud/log/api/routes.scala:180,https://gitlab.corp.clever-cloud.com/clever-cloud/ovd,modules/log/src/main/scala/com/clevercloud/log/models/drains/Drain.scala
cc-api,CreateLogDrainInnerCommand,LogDrain,4,https://gitlab.corp.clever-cloud.com/clever-cloud/ovd,modules/log/src/main/scala/com/clevercloud/log/api/routes.scala:180,https://gitlab.corp.clever-cloud.com/clever-cloud/ovd,modules/log/src/main/scala/com/clevercloud/log/models/drains/Drain.scala (DrainView)
cc-api,DeleteLogDrainCommand,LogDrain,4,https://gitlab.corp.clever-cloud.com/clever-cloud/ovd,modules/log/src/main/scala/com/clevercloud/log/api/routes.scala:192,https://gitlab.corp.clever-cloud.com/clever-cloud/ovd,modules/log/src/main/scala/com/clevercloud/log/models/drains/Drain.scala
cc-api,DisableLogDrainCommand,LogDrain,4,https://gitlab.corp.clever-cloud.com/clever-cloud/ovd,modules/log/src/main/scala/com/clevercloud/log/api/routes.scala:199,https://gitlab.corp.clever-cloud.com/clever-cloud/ovd,modules/log/src/main/scala/com/clevercloud/log/models/drains/Drain.scala
cc-api,EnableLogDrainCommand,LogDrain,4,https://gitlab.corp.clever-cloud.com/clever-cloud/ovd,modules/log/src/main/scala/com/clevercloud/log/api/routes.scala:222,https://gitlab.corp.clever-cloud.com/clever-cloud/ovd,modules/log/src/main/scala/com/clevercloud/log/models/drains/Drain.scala
cc-api,GetLogDrainCommand,LogDrain,4,https://gitlab.corp.clever-cloud.com/clever-cloud/ovd,modules/log/src/main/scala/com/clevercloud/log/api/routes.scala:166,https://gitlab.corp.clever-cloud.com/clever-cloud/ovd,modules/log/src/main/scala/com/clevercloud/log/models/drains/Drain.scala
cc-api,GetLogDrainTestCommandCommand,LogDrain,4,https://gitlab.corp.clever-cloud.com/clever-cloud/ovd,modules/log/src/main/scala/com/clevercloud/log/api/routes.scala:206,https://gitlab.corp.clever-cloud.com/clever-cloud/ovd,N/A (plain text shell command)
cc-api,InnerDisableLogDrainCommand,LogDrain,4,https://gitlab.corp.clever-cloud.com/clever-cloud/ovd,modules/log/src/main/scala/com/clevercloud/log/api/routes.scala:199,https://gitlab.corp.clever-cloud.com/clever-cloud/ovd,modules/log/src/main/scala/com/clevercloud/log/models/drains/Drain.scala (DrainView)
cc-api,InnerEnableLogDrainCommand,LogDrain,4,https://gitlab.corp.clever-cloud.com/clever-cloud/ovd,modules/log/src/main/scala/com/clevercloud/log/api/routes.scala:222,https://gitlab.corp.clever-cloud.com/clever-cloud/ovd,modules/log/src/main/scala/com/clevercloud/log/models/drains/Drain.scala (DrainView)
cc-api,ListLogDrainCommand,LogDrain,4,https://gitlab.corp.clever-cloud.com/clever-cloud/ovd,modules/log/src/main/scala/com/clevercloud/log/api/routes.scala:156,https://gitlab.corp.clever-cloud.com/clever-cloud/ovd,modules/log/src/main/scala/com/clevercloud/log/models/drains/Drain.scala
cc-api,ResetLogDrainCursorCommand,LogDrain,4,https://gitlab.corp.clever-cloud.com/clever-cloud/ovd,modules/log/src/main/scala/com/clevercloud/log/api/routes.scala:173,https://gitlab.corp.clever-cloud.com/clever-cloud/ovd,modules/log/src/main/scala/com/clevercloud/log/models/drains/Drain.scala
cc-api,StreamAddonRuntimeLogCommand,Log,4,https://gitlab.corp.clever-cloud.com/clever-cloud/ovd,modules/log/src/main/scala/com/clevercloud/log/routes/LogsRoutes.scala:185,https://gitlab.corp.clever-cloud.com/clever-cloud/ovd,modules/log/src/main/scala/com/clevercloud/log/models/package.scala
cc-api,StreamApplicationAccessLogCommand,Log,4,https://gitlab.corp.clever-cloud.com/clever-cloud/ovd,modules/log/src/main/scala/com/clevercloud/log/routes/LogsRoutes.scala:233,https://gitlab.corp.clever-cloud.com/clever-cloud/ovd,modules/log/src/main/scala/com/clevercloud/log/models/AccessLog.scala
cc-api,StreamApplicationRuntimeLogCommand,Log,4,https://gitlab.corp.clever-cloud.com/clever-cloud/ovd,modules/log/src/main/scala/com/clevercloud/log/routes/LogsRoutes.scala:110,https://gitlab.corp.clever-cloud.com/clever-cloud/ovd,modules/log/src/main/scala/com/clevercloud/log/models/package.scala
cc-api,GetMateriaInfoCommand,Materia,4,https://gitlab.corp.clever-cloud.com/clever-cloud/ovd,modules/materia/src/main/scala/com/clevercloud/materia/db/api/routes.scala:56,https://gitlab.corp.clever-cloud.com/clever-cloud/ovd,modules/materia/src/main/scala/com/clevercloud/materia/db/models/MateriaDB.scala
cc-api,GetMatomoInfoCommand,Matomo,4,https://gitlab.corp.clever-cloud.com/clever-cloud/ovd,modules/matomo/src/main/scala/com/clevercloud/matomo/api/routes.scala:81,https://gitlab.corp.clever-cloud.com/clever-cloud/ovd,modules/matomo/src/main/scala/com/clevercloud/matomo/models/MatomoView.scala
cc-api,RebootMatomoCommand,Matomo,4,https://gitlab.corp.clever-cloud.com/clever-cloud/ovd,modules/matomo/src/main/scala/com/clevercloud/matomo/api/routes.scala:63,https://gitlab.corp.clever-cloud.com/clever-cloud/ovd,"N/A (empty 200, no body)"
cc-api,RebuildMatomoCommand,Matomo,4,https://gitlab.corp.clever-cloud.com/clever-cloud/ovd,modules/matomo/src/main/scala/com/clevercloud/matomo/api/routes.scala:72,https://gitlab.corp.clever-cloud.com/clever-cloud/ovd,"N/A (empty 200, no body)"
cc-api,CheckMetabaseVersionCommand,Metabase,4,https://gitlab.corp.clever-cloud.com/clever-cloud/ovd,modules/metabase/src/main/scala/com/clevercloud/metabase/api/routes.scala:120,https://gitlab.corp.clever-cloud.com/clever-cloud/ovd,modules/metabase/src/main/scala/com/clevercloud/metabase/models/MetabaseView.scala
cc-api,GetMetabaseInfoCommand,Metabase,4,https://gitlab.corp.clever-cloud.com/clever-cloud/ovd,modules/metabase/src/main/scala/com/clevercloud/metabase/api/routes.scala:57,https://gitlab.corp.clever-cloud.com/clever-cloud/ovd,modules/metabase/src/main/scala/com/clevercloud/metabase/models/MetabaseView.scala
cc-api,RebootMetabaseCommand,Metabase,4,https://gitlab.corp.clever-cloud.com/clever-cloud/ovd,modules/metabase/src/main/scala/com/clevercloud/metabase/api/routes.scala:66,https://gitlab.corp.clever-cloud.com/clever-cloud/ovd,"N/A (empty 200, no body)"
cc-api,RebuildMetabaseCommand,Metabase,4,https://gitlab.corp.clever-cloud.com/clever-cloud/ovd,modules/metabase/src/main/scala/com/clevercloud/metabase/api/routes.scala:75,https://gitlab.corp.clever-cloud.com/clever-cloud/ovd,"N/A (empty 200, no body)"
cc-api,UpdateMetabaseVersionCommand,Metabase,4,https://gitlab.corp.clever-cloud.com/clever-cloud/ovd,modules/metabase/src/main/scala/com/clevercloud/metabase/api/routes.scala:104,https://gitlab.corp.clever-cloud.com/clever-cloud/ovd,modules/metabase/src/main/scala/com/clevercloud/metabase/models/MetabaseView.scala
cc-api,GetHeatMapCommand,Metrics,4,https://gitlab.corp.clever-cloud.com/clever-cloud/ovd,modules/metrics/src/main/scala/com/clevercloud/metrics/api/routes.scala:90,https://gitlab.corp.clever-cloud.com/clever-cloud/ovd,modules/metrics/src/main/scala/com/clevercloud/metrics/models/MetricsAPIProtocols.scala
cc-api,GetMetricsCommand,Metrics,4,https://gitlab.corp.clever-cloud.com/clever-cloud/ovd,modules/metrics/src/main/scala/com/clevercloud/metrics/api/routes.scala:68,https://gitlab.corp.clever-cloud.com/clever-cloud/ovd,modules/metrics/src/main/scala/com/clevercloud/metrics/models/MetricsAPIProtocols.scala
cc-api,GetStatusCodeDistributionCommand,Metrics,4,https://gitlab.corp.clever-cloud.com/clever-cloud/ovd,modules/metrics/src/main/scala/com/clevercloud/metrics/api/routes.scala:110,https://gitlab.corp.clever-cloud.com/clever-cloud/ovd,modules/metrics/src/main/scala/com/clevercloud/metrics/models/MetricsAPIProtocols.scala
cc-api,StreamRequestsCommand,Metrics,4,https://gitlab.corp.clever-cloud.com/clever-cloud/ovd,modules/metrics/src/main/scala/com/clevercloud/metrics/api/routes.scala:130,https://gitlab.corp.clever-cloud.com/clever-cloud/ovd,modules/metrics/src/main/scala/com/clevercloud/metrics/models/MetricsAPIProtocols.scala:97 (RequestLocationLive)
cc-api,CancelMigrationCommand,Migration,2,https://gitlab.corp.clever-cloud.com/core-team/cc-api,src/main/java/com/clevercloud/ccapi/api/organisation/OrganisationAddonsAPI.java:223,https://gitlab.corp.clever-cloud.com/core-team/cc-api,"N/A (empty 200, no body)"
cc-api,GetMigrationCommand,Migration,2,https://gitlab.corp.clever-cloud.com/core-team/cc-api,src/main/java/com/clevercloud/ccapi/api/organisation/OrganisationAddonsAPI.java:213 -> src/main/java/com/clevercloud/ccapi/helpers/addon/AddonAPIHelper.java:278 (proxied to the add-on provider),https://gitlab.corp.clever-cloud.com/clever-cloud/dbaas/addonprovider-lib,src/main/scala/com/clevercloud/addonproviderlib/MigrationView.scala:28 (MigrationConsoleView)
cc-api,ListMigrationCommand,Migration,2,https://gitlab.corp.clever-cloud.com/core-team/cc-api,src/main/java/com/clevercloud/ccapi/api/organisation/OrganisationAddonsAPI.java:180 -> src/main/java/com/clevercloud/ccapi/helpers/addon/AddonAPIHelper.java:278 (proxied to the add-on provider),https://gitlab.corp.clever-cloud.com/clever-cloud/dbaas/addonprovider-lib,src/main/scala/com/clevercloud/addonproviderlib/MigrationView.scala:28 (MigrationConsoleView)
cc-api,ListMigrationPreorderCommand,Migration,2,https://gitlab.corp.clever-cloud.com/core-team/cc-api,src/main/java/com/clevercloud/ccapi/api/organisation/OrganisationAddonsAPI.java:203 -> src/main/java/com/clevercloud/ccapi/helpers/addon/AddonHelper.java:705,https://gitlab.corp.clever-cloud.com/clever-cloud/ccapidto,src/main/java/com/clevercloud/ccapi/output/pas/payment/InvoiceView.java:13
cc-api,StartMigrationCommand,Migration,2,https://gitlab.corp.clever-cloud.com/core-team/cc-api,src/main/java/com/clevercloud/ccapi/api/organisation/OrganisationAddonsAPI.java:189 -> src/main/java/com/clevercloud/ccapi/helpers/addon/AddonAPIHelper.java:231 (proxied to the add-on provider),https://gitlab.corp.clever-cloud.com/clever-cloud/dbaas/addonprovider-lib,src/main/scala/com/clevercloud/addonproviderlib/MigrationView.scala:28 (MigrationConsoleView)
cc-api,CreateNetworkGroupCommand,NetworkGroup,4,https://gitlab.corp.clever-cloud.com/clever-cloud/ovd,modules/networkgroup/src/main/scala/com/clevercloud/networkgroup/api/routes.scala:57,https://gitlab.corp.clever-cloud.com/clever-cloud/ovd,"N/A (202 Accepted, no body)"
cc-api,CreateNetworkGroupCommandInner,NetworkGroup,4,https://gitlab.corp.clever-cloud.com/clever-cloud/ovd,modules/networkgroup/src/main/scala/com/clevercloud/networkgroup/api/routes.scala:57,https://gitlab.corp.clever-cloud.com/clever-cloud/ovd,"N/A (202 Accepted, no body)"
cc-api,CreateNetworkGroupExternalPeerCommand,NetworkGroup,4,https://gitlab.corp.clever-cloud.com/clever-cloud/ovd,modules/networkgroup/src/main/scala/com/clevercloud/networkgroup/api/routes.scala:137,https://gitlab.corp.clever-cloud.com/clever-cloud/ovd,modules/networkgroup/src/main/scala/com/clevercloud/networkgroup/models/protocols/WireguardConfProtocols.scala (PeerCreated)
cc-api,CreateNetworkGroupExternalPeerCommandInner,NetworkGroup,4,https://gitlab.corp.clever-cloud.com/clever-cloud/ovd,modules/networkgroup/src/main/scala/com/clevercloud/networkgroup/api/routes.scala:137,https://gitlab.corp.clever-cloud.com/clever-cloud/ovd,modules/networkgroup/src/main/scala/com/clevercloud/networkgroup/models/protocols/WireguardConfProtocols.scala (PeerCreated)
cc-api,CreateNetworkGroupMemberCommand,NetworkGroup,4,https://gitlab.corp.clever-cloud.com/clever-cloud/ovd,modules/networkgroup/src/main/scala/com/clevercloud/networkgroup/api/routes.scala:86,https://gitlab.corp.clever-cloud.com/clever-cloud/ovd,"N/A (202 Accepted, no body)"
cc-api,CreateNetworkGroupMemberCommandInner,NetworkGroup,4,https://gitlab.corp.clever-cloud.com/clever-cloud/ovd,modules/networkgroup/src/main/scala/com/clevercloud/networkgroup/api/routes.scala:86,https://gitlab.corp.clever-cloud.com/clever-cloud/ovd,"N/A (202 Accepted, no body)"
cc-api,DeleteNetworkGroupCommand,NetworkGroup,4,https://gitlab.corp.clever-cloud.com/clever-cloud/ovd,modules/networkgroup/src/main/scala/com/clevercloud/networkgroup/api/routes.scala:72,https://gitlab.corp.clever-cloud.com/clever-cloud/ovd,"N/A (204 No Content, no body)"
cc-api,DeleteNetworkGroupCommandInner,NetworkGroup,4,https://gitlab.corp.clever-cloud.com/clever-cloud/ovd,modules/networkgroup/src/main/scala/com/clevercloud/networkgroup/api/routes.scala:72,https://gitlab.corp.clever-cloud.com/clever-cloud/ovd,"N/A (204 No Content, no body)"
cc-api,DeleteNetworkGroupExternalPeerCommand,NetworkGroup,4,https://gitlab.corp.clever-cloud.com/clever-cloud/ovd,modules/networkgroup/src/main/scala/com/clevercloud/networkgroup/api/routes.scala:145,https://gitlab.corp.clever-cloud.com/clever-cloud/ovd,"N/A (204 No Content, no body)"
cc-api,DeleteNetworkGroupExternalPeerCommandInner,NetworkGroup,4,https://gitlab.corp.clever-cloud.com/clever-cloud/ovd,modules/networkgroup/src/main/scala/com/clevercloud/networkgroup/api/routes.scala:145,https://gitlab.corp.clever-cloud.com/clever-cloud/ovd,"N/A (204 No Content, no body)"
cc-api,DeleteNetworkGroupMemberCommand,NetworkGroup,4,https://gitlab.corp.clever-cloud.com/clever-cloud/ovd,modules/networkgroup/src/main/scala/com/clevercloud/networkgroup/api/routes.scala:101,https://gitlab.corp.clever-cloud.com/clever-cloud/ovd,"N/A (204 No Content, no body)"
cc-api,DeleteNetworkGroupMemberCommandInner,NetworkGroup,4,https://gitlab.corp.clever-cloud.com/clever-cloud/ovd,modules/networkgroup/src/main/scala/com/clevercloud/networkgroup/api/routes.scala:101,https://gitlab.corp.clever-cloud.com/clever-cloud/ovd,"N/A (204 No Content, no body)"
cc-api,GetNetworkGroupCommand,NetworkGroup,4,https://gitlab.corp.clever-cloud.com/clever-cloud/ovd,modules/networkgroup/src/main/scala/com/clevercloud/networkgroup/api/routes.scala:65,https://gitlab.corp.clever-cloud.com/clever-cloud/ovd,modules/networkgroup/src/main/scala/com/clevercloud/networkgroup/models/NetworkGroupComponent.scala
cc-api,GetNetworkGroupMemberCommand,NetworkGroup,4,https://gitlab.corp.clever-cloud.com/clever-cloud/ovd,modules/networkgroup/src/main/scala/com/clevercloud/networkgroup/api/routes.scala:94,https://gitlab.corp.clever-cloud.com/clever-cloud/ovd,modules/networkgroup/src/main/scala/com/clevercloud/networkgroup/models/NetworkGroupComponent.scala
cc-api,GetNetworkGroupPeerCommand,NetworkGroup,4,https://gitlab.corp.clever-cloud.com/clever-cloud/ovd,modules/networkgroup/src/main/scala/com/clevercloud/networkgroup/api/routes.scala:123,https://gitlab.corp.clever-cloud.com/clever-cloud/ovd,modules/networkgroup/src/main/scala/com/clevercloud/networkgroup/models/NetworkGroupComponent.scala
cc-api,GetNetworkGroupWireguardConfigurationCommand,NetworkGroup,4,https://gitlab.corp.clever-cloud.com/clever-cloud/ovd,modules/networkgroup/src/main/scala/com/clevercloud/networkgroup/api/routes.scala:254,https://gitlab.corp.clever-cloud.com/clever-cloud/ovd,N/A (stringBody: the peer's WireGuard configuration file)
cc-api,GetNetworkGroupWireguardConfigurationUrlCommand,NetworkGroup,4,https://gitlab.corp.clever-cloud.com/clever-cloud/ovd,modules/networkgroup/src/main/scala/com/clevercloud/networkgroup/api/routes.scala:245,https://gitlab.corp.clever-cloud.com/clever-cloud/ovd,core/src/main/scala/com/clevercloud/core/models/PresignedURL.scala
cc-api,ListNetworkGroupCommand,NetworkGroup,4,https://gitlab.corp.clever-cloud.com/clever-cloud/ovd,modules/networkgroup/src/main/scala/com/clevercloud/networkgroup/api/routes.scala:49,https://gitlab.corp.clever-cloud.com/clever-cloud/ovd,modules/networkgroup/src/main/scala/com/clevercloud/networkgroup/models/NetworkGroupComponent.scala
cc-api,SearchNetworkGroupCommand,NetworkGroup,4,https://gitlab.corp.clever-cloud.com/clever-cloud/ovd,modules/networkgroup/src/main/scala/com/clevercloud/networkgroup/api/routes.scala:152,https://gitlab.corp.clever-cloud.com/clever-cloud/ovd,modules/networkgroup/src/main/scala/com/clevercloud/networkgroup/models/NetworkGroupComponent.scala
cc-api,CreateEmailNotificationCommand,Notification,2,https://gitlab.corp.clever-cloud.com/clever-cloud/notification-api,conf/routes (controllers.EmailhookController.create),https://gitlab.corp.clever-cloud.com/clever-cloud/notification-api,app/controllers/EmailhookController.scala
cc-api,CreateWebhookNotificationCommand,Notification,2,https://gitlab.corp.clever-cloud.com/clever-cloud/notification-api,conf/routes (controllers.WebhookController.create),https://gitlab.corp.clever-cloud.com/clever-cloud/notification-api,app/controllers/WebhookController.scala
cc-api,DeleteEmailNotificationCommand,Notification,2,https://gitlab.corp.clever-cloud.com/clever-cloud/notification-api,conf/routes (controllers.EmailhookController.delete),https://gitlab.corp.clever-cloud.com/clever-cloud/notification-api,"N/A (empty 200, no body)"
cc-api,DeleteWebhookNotificationCommand,Notification,2,https://gitlab.corp.clever-cloud.com/clever-cloud/notification-api,conf/routes (controllers.WebhookController.delete),https://gitlab.corp.clever-cloud.com/clever-cloud/notification-api,"N/A (empty 200, no body)"
cc-api,GetNotificationInfoCommand,Notification,2,https://gitlab.corp.clever-cloud.com/clever-cloud/notification-api,conf/routes:35 -> app/controllers/InfoController.scala:20,https://gitlab.corp.clever-cloud.com/clever-cloud/notification-api,app/controllers/InfoController.scala
cc-api,GetNotificationInfoEventsCommand,Notification,2,https://gitlab.corp.clever-cloud.com/clever-cloud/notification-api,conf/routes:35 -> app/controllers/InfoController.scala:20,https://gitlab.corp.clever-cloud.com/clever-cloud/notification-api,"app/controllers/InfoController.scala:20 (inline Json.obj, no DTO class; app/models/entities/EventType.scala:8 and app/models/entities/MetaEvents.scala:7)"
cc-api,GetNotificationInfoWebhookFormatsCommand,Notification,2,https://gitlab.corp.clever-cloud.com/clever-cloud/notification-api,conf/routes:33 -> app/controllers/InfoController.scala:16,https://gitlab.corp.clever-cloud.com/clever-cloud/notification-api,"N/A (primitive String array, from app/models/entities/NotificationFormat.scala:11)"
cc-api,ListEmailNotificationCommand,Notification,2,https://gitlab.corp.clever-cloud.com/clever-cloud/notification-api,conf/routes (controllers.EmailhookController.get),https://gitlab.corp.clever-cloud.com/clever-cloud/notification-api,app/controllers/EmailhookController.scala
cc-api,ListWebhookNotificationCommand,Notification,2,https://gitlab.corp.clever-cloud.com/clever-cloud/notification-api,conf/routes (controllers.WebhookController.get),https://gitlab.corp.clever-cloud.com/clever-cloud/notification-api,app/controllers/WebhookController.scala
cc-api,CreateOauthConsumerCommand,OauthConsumer,2,https://gitlab.corp.clever-cloud.com/core-team/cc-api,src/main/java/com/clevercloud/ccapi/api/organisation/OrganisationConsumersAPI.java:104,https://gitlab.corp.clever-cloud.com/clever-cloud/ccapidto,src/main/java/com/clevercloud/ccapi/output/oauth/OAuth1ConsumerView.java
cc-api,DeleteOauthConsumerCommand,OauthConsumer,2,https://gitlab.corp.clever-cloud.com/core-team/cc-api,src/main/java/com/clevercloud/ccapi/api/organisation/OrganisationConsumersAPI.java:150,https://gitlab.corp.clever-cloud.com/core-team/cc-api,"N/A (empty 200, no body)"
cc-api,GetOauthConsumerCommand,OauthConsumer,2,https://gitlab.corp.clever-cloud.com/core-team/cc-api,src/main/java/com/clevercloud/ccapi/api/organisation/OrganisationConsumersAPI.java:62,https://gitlab.corp.clever-cloud.com/clever-cloud/ccapidto,src/main/java/com/clevercloud/ccapi/output/oauth/OAuth1ConsumerView.java
cc-api,GetOauthConsumerInnerCommand,OauthConsumer,2,https://gitlab.corp.clever-cloud.com/core-team/cc-api,src/main/java/com/clevercloud/ccapi/api/organisation/OrganisationConsumersAPI.java:62,https://gitlab.corp.clever-cloud.com/clever-cloud/ccapidto,src/main/java/com/clevercloud/ccapi/output/oauth/OAuth1ConsumerView.java
cc-api,GetOauthConsumerSecretCommand,OauthConsumer,2,https://gitlab.corp.clever-cloud.com/core-team/cc-api,src/main/java/com/clevercloud/ccapi/api/organisation/OrganisationConsumersAPI.java:83,https://gitlab.corp.clever-cloud.com/clever-cloud/ccapidto,src/main/java/com/clevercloud/ccapi/output/oauth/SecretView.java
cc-api,ListOauthConsumerCommand,OauthConsumer,2,https://gitlab.corp.clever-cloud.com/core-team/cc-api,src/main/java/com/clevercloud/ccapi/api/organisation/OrganisationConsumersAPI.java:43,https://gitlab.corp.clever-cloud.com/clever-cloud/ccapidto,src/main/java/com/clevercloud/ccapi/output/oauth/OAuth1ConsumerView.java
cc-api,ListOauthConsumerInnerCommand,OauthConsumer,2,https://gitlab.corp.clever-cloud.com/core-team/cc-api,src/main/java/com/clevercloud/ccapi/api/organisation/OrganisationConsumersAPI.java:43,https://gitlab.corp.clever-cloud.com/clever-cloud/ccapidto,src/main/java/com/clevercloud/ccapi/output/oauth/OAuth1ConsumerView.java
cc-api,UpdateOauthConsumerCommand,OauthConsumer,2,https://gitlab.corp.clever-cloud.com/core-team/cc-api,src/main/java/com/clevercloud/ccapi/api/organisation/OrganisationConsumersAPI.java:126,https://gitlab.corp.clever-cloud.com/clever-cloud/ccapidto,src/main/java/com/clevercloud/ccapi/output/oauth/OAuth1ConsumerView.java
cc-api,DeleteAllOauthTokensCommand,Token,2,https://gitlab.corp.clever-cloud.com/core-team/cc-api,src/main/java/com/clevercloud/ccapi/api/user/self/SelfTokensAPI.java:82,https://gitlab.corp.clever-cloud.com/core-team/cc-api,src/main/java/com/clevercloud/ccapi/models/message/struct/Message.java
cc-api,DeleteOauthTokenCommand,Token,2,https://gitlab.corp.clever-cloud.com/core-team/cc-api,src/main/java/com/clevercloud/ccapi/api/user/self/SelfTokensAPI.java:102,https://gitlab.corp.clever-cloud.com/core-team/cc-api,src/main/java/com/clevercloud/ccapi/models/message/struct/Message.java
cc-api,GetCurrentOauthTokenInfoCommand,Token,2,https://gitlab.corp.clever-cloud.com/core-team/cc-api,src/main/java/com/clevercloud/ccapi/api/user/self/SelfTokensAPI.java:61,https://gitlab.corp.clever-cloud.com/clever-cloud/ccapidto,src/main/java/com/clevercloud/ccapi/output/oauth/OAuth1AccessTokenView.java
cc-api,ListOauthTokenCommand,Token,2,https://gitlab.corp.clever-cloud.com/core-team/cc-api,src/main/java/com/clevercloud/ccapi/api/user/self/SelfTokensAPI.java:41,https://gitlab.corp.clever-cloud.com/clever-cloud/ccapidto,src/main/java/com/clevercloud/ccapi/output/oauth/OAuth1AccessTokenView.java
cc-api,AddOrganisationMemberCommand,Organisation,2,https://gitlab.corp.clever-cloud.com/core-team/cc-api,src/main/java/com/clevercloud/ccapi/api/organisation/OrganisationMembersAPI.java:91,https://gitlab.corp.clever-cloud.com/core-team/cc-api,src/main/java/com/clevercloud/ccapi/models/message/struct/Message.java
cc-api,CreateOrganisationCommand,Organisation,2,https://gitlab.corp.clever-cloud.com/core-team/cc-api,src/main/java/com/clevercloud/ccapi/api/organisation/OrganisationsAPI.java:66,https://gitlab.corp.clever-cloud.com/clever-cloud/ccapidto,src/main/java/com/clevercloud/ccapi/output/organisation/OrganisationView.java
cc-api,DeleteOrganisationCommand,Organisation,2,https://gitlab.corp.clever-cloud.com/core-team/cc-api,src/main/java/com/clevercloud/ccapi/api/organisation/OrganisationAPI.java:70,https://gitlab.corp.clever-cloud.com/core-team/cc-api,src/main/java/com/clevercloud/ccapi/models/message/struct/Message.java
cc-api,GetOrganisationCommand,Organisation,2,https://gitlab.corp.clever-cloud.com/core-team/cc-api,src/main/java/com/clevercloud/ccapi/api/organisation/OrganisationAPI.java:53,https://gitlab.corp.clever-cloud.com/clever-cloud/ccapidto,src/main/java/com/clevercloud/ccapi/output/organisation/OrganisationView.java
cc-api,GetOrganisationSummariesCommand,Organisation,2,https://gitlab.corp.clever-cloud.com/core-team/cc-api,src/main/java/com/clevercloud/ccapi/api/user/self/SummaryAPI.java:39,https://gitlab.corp.clever-cloud.com/clever-cloud/ccapidto,src/main/java/com/clevercloud/ccapi/output/summary/Summary.java
cc-api,ListOrganisationCommand,Organisation,2,https://gitlab.corp.clever-cloud.com/core-team/cc-api,src/main/java/com/clevercloud/ccapi/api/organisation/OrganisationsAPI.java:45,https://gitlab.corp.clever-cloud.com/clever-cloud/ccapidto,src/main/java/com/clevercloud/ccapi/output/organisation/OrganisationView.java
cc-api,ListOrganisationMemberCommand,Organisation,2,https://gitlab.corp.clever-cloud.com/core-team/cc-api,src/main/java/com/clevercloud/ccapi/api/organisation/OrganisationMembersAPI.java:116,https://gitlab.corp.clever-cloud.com/clever-cloud/ccapidto,src/main/java/com/clevercloud/ccapi/output/organisation/OrganisationMemberView.java
cc-api,RemoveOrganisationMemberCommand,Organisation,2,https://gitlab.corp.clever-cloud.com/core-team/cc-api,src/main/java/com/clevercloud/ccapi/api/organisation/OrganisationMembersAPI.java:43,https://gitlab.corp.clever-cloud.com/core-team/cc-api,src/main/java/com/clevercloud/ccapi/models/message/struct/Message.java
cc-api,UpdateOrganisationAvatarCommand,Organisation,2,https://gitlab.corp.clever-cloud.com/core-team/cc-api,src/main/java/com/clevercloud/ccapi/api/organisation/OrganisationAPI.java:176,https://gitlab.corp.clever-cloud.com/clever-cloud/ccapidto,src/main/java/com/clevercloud/ccapi/output/misc/UrlView.java
cc-api,UpdateOrganisationCommand,Organisation,2,https://gitlab.corp.clever-cloud.com/core-team/cc-api,src/main/java/com/clevercloud/ccapi/api/organisation/OrganisationAPI.java:87,https://gitlab.corp.clever-cloud.com/clever-cloud/ccapidto,src/main/java/com/clevercloud/ccapi/output/organisation/OrganisationView.java
cc-api,UpdateOrganisationMemberCommand,Organisation,2,https://gitlab.corp.clever-cloud.com/core-team/cc-api,src/main/java/com/clevercloud/ccapi/api/organisation/OrganisationMembersAPI.java:66,https://gitlab.corp.clever-cloud.com/core-team/cc-api,src/main/java/com/clevercloud/ccapi/models/message/struct/Message.java
cc-api,CheckOtoroshiVersionCommand,Otoroshi,4,https://gitlab.corp.clever-cloud.com/clever-cloud/ovd,modules/otoroshi/src/main/scala/com/clevercloud/otoroshi/routes/routes.scala:123,https://gitlab.corp.clever-cloud.com/clever-cloud/ovd,modules/otoroshi/src/main/scala/com/clevercloud/otoroshi/models/OtoroshiView.scala
cc-api,CreateOtoroshiNetworkGroupCommand,Otoroshi,4,https://gitlab.corp.clever-cloud.com/clever-cloud/ovd,modules/otoroshi/src/main/scala/com/clevercloud/otoroshi/routes/routes.scala:60,https://gitlab.corp.clever-cloud.com/clever-cloud/ovd,modules/otoroshi/src/main/scala/com/clevercloud/otoroshi/models/OtoroshiView.scala
cc-api,DeleteOtoroshiNetworkGroupCommand,Otoroshi,4,https://gitlab.corp.clever-cloud.com/clever-cloud/ovd,modules/otoroshi/src/main/scala/com/clevercloud/otoroshi/routes/routes.scala:70,https://gitlab.corp.clever-cloud.com/clever-cloud/ovd,"N/A (empty 200, no body)"
cc-api,GetOtoroshiConfigCommand,Otoroshi,4,https://gitlab.corp.clever-cloud.com/clever-cloud/ovd,modules/otoroshi/src/main/scala/com/clevercloud/otoroshi/routes/routes.scala:162,https://gitlab.corp.clever-cloud.com/clever-cloud/ovd,N/A (stringBody: the otoroshictl YAML config file)
cc-api,GetOtoroshiInfoCommand,Otoroshi,4,https://gitlab.corp.clever-cloud.com/clever-cloud/ovd,modules/otoroshi/src/main/scala/com/clevercloud/otoroshi/routes/routes.scala:79,https://gitlab.corp.clever-cloud.com/clever-cloud/ovd,modules/otoroshi/src/main/scala/com/clevercloud/otoroshi/models/OtoroshiView.scala
cc-api,RebootOtoroshiCommand,Otoroshi,4,https://gitlab.corp.clever-cloud.com/clever-cloud/ovd,modules/otoroshi/src/main/scala/com/clevercloud/otoroshi/routes/routes.scala:88,https://gitlab.corp.clever-cloud.com/clever-cloud/ovd,"N/A (empty 200, no body)"
cc-api,RebuildOtoroshiCommand,Otoroshi,4,https://gitlab.corp.clever-cloud.com/clever-cloud/ovd,modules/otoroshi/src/main/scala/com/clevercloud/otoroshi/routes/routes.scala:97,https://gitlab.corp.clever-cloud.com/clever-cloud/ovd,"N/A (empty 200, no body)"
cc-api,UpdateOtoroshiVersionCommand,Otoroshi,4,https://gitlab.corp.clever-cloud.com/clever-cloud/ovd,modules/otoroshi/src/main/scala/com/clevercloud/otoroshi/routes/routes.scala:106,https://gitlab.corp.clever-cloud.com/clever-cloud/ovd,modules/otoroshi/src/main/scala/com/clevercloud/otoroshi/models/OtoroshiView.scala
cc-api,AuthorizePaypalCommand,Payment,4,https://gitlab.corp.clever-cloud.com/clever-cloud/billing-api,src/main/scala/com/clevercloud/billingapi/controllers/OrganisationInvoiceRoutes.scala:606,https://gitlab.corp.clever-cloud.com/clever-cloud/clevercloud-scala-dto,src/main/scala/com.clevercloud.scaladto/billing/invoice_data.scala:102
cc-api,AuthorizeStripeCommand,Payment,4,https://gitlab.corp.clever-cloud.com/clever-cloud/billing-api,src/main/scala/com/clevercloud/billingapi/controllers/OrganisationInvoiceRoutes.scala:667,https://gitlab.corp.clever-cloud.com/clever-cloud/clevercloud-scala-dto,src/main/scala/com.clevercloud.scaladto/billing/invoice_data.scala:102
cc-api,GetStripeIntentCommand,Payment,4,https://gitlab.corp.clever-cloud.com/clever-cloud/billing-api,src/main/scala/com/clevercloud/billingapi/controllers/PaymentRoutes.scala:306,https://gitlab.corp.clever-cloud.com/clever-cloud/billing-api,src/main/scala/com/clevercloud/billingapi/models/stripe_models.scala:21
cc-api,InitPaypalCommand,Payment,4,https://gitlab.corp.clever-cloud.com/clever-cloud/billing-api,src/main/scala/com/clevercloud/billingapi/controllers/OrganisationInvoiceRoutes.scala:484,https://gitlab.corp.clever-cloud.com/clever-cloud/billing-api,src/main/scala/com/clevercloud/billingapi/util/payment/PaypalPayment.scala:40
cc-api,InitStripeCommand,Payment,4,https://gitlab.corp.clever-cloud.com/clever-cloud/billing-api,src/main/scala/com/clevercloud/billingapi/controllers/OrganisationInvoiceRoutes.scala:543,https://gitlab.corp.clever-cloud.com/clever-cloud/clevercloud-scala-dto,src/main/scala/com.clevercloud.scaladto/billing/invoice_data.scala:102
cc-api,CreatePaymentMethodCommand,PaymentMethod,4,https://gitlab.corp.clever-cloud.com/clever-cloud/billing-api,src/main/scala/com/clevercloud/billingapi/controllers/PaymentRoutes.scala:169,https://gitlab.corp.clever-cloud.com/clever-cloud/billing-api,src/main/scala/com/clevercloud/billingapi/models/stripe_models.scala:52
cc-api,DeletePaymentMethodCommand,PaymentMethod,4,https://gitlab.corp.clever-cloud.com/clever-cloud/billing-api,src/main/scala/com/clevercloud/billingapi/controllers/PaymentRoutes.scala:245,https://gitlab.corp.clever-cloud.com/clever-cloud/billing-api,"N/A (empty 200, no body)"
cc-api,ListPaymentMethodCommand,PaymentMethod,4,https://gitlab.corp.clever-cloud.com/clever-cloud/billing-api,src/main/scala/com/clevercloud/billingapi/controllers/PaymentRoutes.scala:110,https://gitlab.corp.clever-cloud.com/clever-cloud/billing-api,src/main/scala/com/clevercloud/billingapi/models/stripe_models.scala:52
cc-api,SetPrimaryPaymentMethodCommand,PaymentMethod,4,https://gitlab.corp.clever-cloud.com/clever-cloud/billing-api,src/main/scala/com/clevercloud/billingapi/controllers/PaymentRoutes.scala:437,https://gitlab.corp.clever-cloud.com/clever-cloud/billing-api,src/main/scala/com/clevercloud/billingapi/models/stripe_models.scala:52
cc-api,GetPriceSystemCommand,PriceSystem,4,https://gitlab.corp.clever-cloud.com/clever-cloud/billing-api,src/main/scala/com/clevercloud/billingapi/controllers/OrganisationPriceSystem.scala:75,https://gitlab.corp.clever-cloud.com/clever-cloud/billing-api,src/main/scala/com/clevercloud/billingapi/models/PriceSystem.scala:284
cc-api,GetProductAddonCommand,Product,2,https://gitlab.corp.clever-cloud.com/core-team/cc-api,src/main/java/com/clevercloud/ccapi/api/pub/ProductsAPI.java:88,https://gitlab.corp.clever-cloud.com/clever-cloud/ccapidto,src/main/java/com/clevercloud/ccapi/output/addon/AddonProviderInfoFullView.java
cc-api,GetProductAddonInnerCommand,Product,2,https://gitlab.corp.clever-cloud.com/core-team/cc-api,src/main/java/com/clevercloud/ccapi/api/pub/ProductsAPI.java:88,https://gitlab.corp.clever-cloud.com/clever-cloud/ccapidto,src/main/java/com/clevercloud/ccapi/output/addon/AddonProviderInfoFullView.java
cc-api,GetProductAddonVersionsCommand,Product,4,https://gitlab.corp.clever-cloud.com/clever-cloud/dbaas/addon-api-postgresql,"conf/routes:30 -> app/controllers/Application.scala:256 (Application.providersInfos, providerId ignored) — generic route, defined per-provider in each dbaas/addon-api-* service",https://gitlab.corp.clever-cloud.com/clever-cloud/dbaas/addon-api-postgresql,app/models/addon_provider.scala
cc-api,GetProductElasticsearchInfoCommand,Product,2,https://gitlab.corp.clever-cloud.com/clever-cloud/dbaas/addon-api-elasticsearch,conf/routes (controllers.Application.servicesFlavors / providerInfosV2),https://gitlab.corp.clever-cloud.com/clever-cloud/dbaas/addon-api-elasticsearch,app/models/dto.scala
cc-api,GetProductRuntimeCommand,Product,2,https://gitlab.corp.clever-cloud.com/core-team/cc-api,src/main/java/com/clevercloud/ccapi/api/pub/ProductsAPI.java:128,https://gitlab.corp.clever-cloud.com/clever-cloud/ccapidto,src/main/java/com/clevercloud/ccapi/output/application/AvailableInstanceView.java
cc-api,ListProductAddonCommand,Product,2,https://gitlab.corp.clever-cloud.com/core-team/cc-api,src/main/java/com/clevercloud/ccapi/api/pub/ProductsAPI.java:78,https://gitlab.corp.clever-cloud.com/clever-cloud/ccapidto,src/main/java/com/clevercloud/ccapi/output/addon/AddonProviderInfoFullView.java
cc-api,ListProductAddonInnerCommand,Product,2,https://gitlab.corp.clever-cloud.com/core-team/cc-api,src/main/java/com/clevercloud/ccapi/api/pub/ProductsAPI.java:78,https://gitlab.corp.clever-cloud.com/clever-cloud/ccapidto,src/main/java/com/clevercloud/ccapi/output/addon/AddonProviderInfoFullView.java
cc-api,ListProductRuntimeCommand,Product,2,https://gitlab.corp.clever-cloud.com/core-team/cc-api,src/main/java/com/clevercloud/ccapi/api/pub/ProductsAPI.java:118,https://gitlab.corp.clever-cloud.com/clever-cloud/ccapidto,src/main/java/com/clevercloud/ccapi/output/application/AvailableInstanceView.java
cc-api,CreateProfileEmailAddressCommand,Profile,2,https://gitlab.corp.clever-cloud.com/core-team/cc-api,src/main/java/com/clevercloud/ccapi/api/user/self/SelfEmailsAPI.java:56,https://gitlab.corp.clever-cloud.com/core-team/cc-api,src/main/java/com/clevercloud/ccapi/models/message/struct/Message.java
cc-api,DeleteProfileEmailAddressCommand,Profile,2,https://gitlab.corp.clever-cloud.com/core-team/cc-api,src/main/java/com/clevercloud/ccapi/api/user/self/SelfEmailsAPI.java:37,https://gitlab.corp.clever-cloud.com/core-team/cc-api,src/main/java/com/clevercloud/ccapi/models/message/struct/Message.java
cc-api,GetProfileCommand,Profile,2,https://gitlab.corp.clever-cloud.com/core-team/cc-api,src/main/java/com/clevercloud/ccapi/api/user/self/SelfAPI.java:53,https://gitlab.corp.clever-cloud.com/clever-cloud/ccapidto,src/main/java/com/clevercloud/ccapi/output/user/UserView.java
cc-api,ListProfileEmailAddressCommand,Profile,2,https://gitlab.corp.clever-cloud.com/core-team/cc-api,src/main/java/com/clevercloud/ccapi/api/user/self/SelfAPI.java:53,https://gitlab.corp.clever-cloud.com/clever-cloud/ccapidto,src/main/java/com/clevercloud/ccapi/output/user/UserView.java
cc-api,ListProfileSecondaryEmailAddressCommand,Profile,2,https://gitlab.corp.clever-cloud.com/core-team/cc-api,src/main/java/com/clevercloud/ccapi/api/user/self/SelfEmailsAPI.java:47,https://gitlab.corp.clever-cloud.com/core-team/cc-api,N/A (primitive String array)
cc-api,RequestProfileEmailConfirmationCommand,Profile,2,https://gitlab.corp.clever-cloud.com/core-team/cc-api,src/main/java/com/clevercloud/ccapi/api/user/self/SelfAPI.java:132,https://gitlab.corp.clever-cloud.com/core-team/cc-api,src/main/java/com/clevercloud/ccapi/models/message/struct/Message.java
cc-api,SetProfilePrimaryEmailAddressCommand,Profile,2,https://gitlab.corp.clever-cloud.com/core-team/cc-api,src/main/java/com/clevercloud/ccapi/api/user/self/SelfEmailsAPI.java:56,https://gitlab.corp.clever-cloud.com/core-team/cc-api,src/main/java/com/clevercloud/ccapi/models/message/struct/Message.java
cc-api,UpdateProfileAvatarCommand,Profile,2,https://gitlab.corp.clever-cloud.com/core-team/cc-api,src/main/java/com/clevercloud/ccapi/api/user/self/SelfAPI.java:142,https://gitlab.corp.clever-cloud.com/clever-cloud/ccapidto,src/main/java/com/clevercloud/ccapi/output/misc/UrlView.java
cc-api,UpdateProfileCommand,Profile,2,https://gitlab.corp.clever-cloud.com/core-team/cc-api,src/main/java/com/clevercloud/ccapi/api/user/self/SelfAPI.java:97,https://gitlab.corp.clever-cloud.com/clever-cloud/ccapidto,src/main/java/com/clevercloud/ccapi/output/user/UserView.java
cc-api,GetPulsarClusterCommand,Pulsar,4,https://gitlab.corp.clever-cloud.com/clever-cloud/ovd,modules/pulsar/src/main/scala/com/clevercloud/pulsar/api/routes.scala:91,https://gitlab.corp.clever-cloud.com/clever-cloud/ovd,core/src/main/scala/com/clevercloud/core/models/pulsar/Domain.scala (ClusterView)
cc-api,GetPulsarInfoCommand,Pulsar,4,https://gitlab.corp.clever-cloud.com/clever-cloud/ovd,modules/pulsar/src/main/scala/com/clevercloud/pulsar/api/routes.scala:131,https://gitlab.corp.clever-cloud.com/clever-cloud/ovd,modules/pulsar/src/main/scala/com/clevercloud/pulsar/models/package.scala (Pulsar)
cc-api,GetPulsarInfoInnerCommand,Pulsar,4,https://gitlab.corp.clever-cloud.com/clever-cloud/ovd,modules/pulsar/src/main/scala/com/clevercloud/pulsar/api/routes.scala:131,https://gitlab.corp.clever-cloud.com/clever-cloud/ovd,modules/pulsar/src/main/scala/com/clevercloud/pulsar/models/package.scala (Pulsar)
cc-api,CreatePersonalSshKeyCommand,SshKey,2,https://gitlab.corp.clever-cloud.com/core-team/cc-api,src/main/java/com/clevercloud/ccapi/api/user/self/SelfKeysAPI.java:58,https://gitlab.corp.clever-cloud.com/core-team/cc-api,src/main/java/com/clevercloud/ccapi/models/message/struct/Message.java
cc-api,CreatePersonalSshKeyInnerCommand,SshKey,2,https://gitlab.corp.clever-cloud.com/core-team/cc-api,src/main/java/com/clevercloud/ccapi/api/user/self/SelfKeysAPI.java:58,https://gitlab.corp.clever-cloud.com/core-team/cc-api,src/main/java/com/clevercloud/ccapi/models/message/struct/Message.java
cc-api,DeletePersonalSshKeyCommand,SshKey,2,https://gitlab.corp.clever-cloud.com/core-team/cc-api,src/main/java/com/clevercloud/ccapi/api/user/self/SelfKeysAPI.java:48,https://gitlab.corp.clever-cloud.com/core-team/cc-api,src/main/java/com/clevercloud/ccapi/models/message/struct/Message.java
cc-api,ListGithubSshKeyCommand,SshKey,2,https://gitlab.corp.clever-cloud.com/core-team/cc-api,src/main/java/com/clevercloud/ccapi/api/oauth/GithubAPI.java:144,https://gitlab.corp.clever-cloud.com/clever-cloud/ccapidto,src/main/java/com/clevercloud/ccapi/output/user/SshKeyView.java
cc-api,ListPersonalSshKeyCommand,SshKey,2,https://gitlab.corp.clever-cloud.com/core-team/cc-api,src/main/java/com/clevercloud/ccapi/api/user/self/SelfKeysAPI.java:39,https://gitlab.corp.clever-cloud.com/clever-cloud/ccapidto,src/main/java/com/clevercloud/ccapi/output/user/SshKeyView.java
cc-api,CreateTagCommand,Tag,2,https://gitlab.corp.clever-cloud.com/core-team/cc-api,src/main/java/com/clevercloud/ccapi/api/organisation/OrganisationApplicationTagsAPI.java:99,https://gitlab.corp.clever-cloud.com/core-team/cc-api,N/A (primitive String array)
cc-api,DeleteTagCommand,Tag,2,https://gitlab.corp.clever-cloud.com/core-team/cc-api,src/main/java/com/clevercloud/ccapi/api/organisation/OrganisationApplicationTagsAPI.java:58,https://gitlab.corp.clever-cloud.com/core-team/cc-api,N/A (primitive String array)
cc-api,ListTagCommand,Tag,2,https://gitlab.corp.clever-cloud.com/core-team/cc-api,src/main/java/com/clevercloud/ccapi/api/organisation/OrganisationApplicationTagsAPI.java:38,https://gitlab.corp.clever-cloud.com/core-team/cc-api,N/A (primitive String array)
cc-api,UpdateTagCommand,Tag,2,https://gitlab.corp.clever-cloud.com/core-team/cc-api,src/main/java/com/clevercloud/ccapi/api/organisation/OrganisationApplicationTagsAPI.java:79,https://gitlab.corp.clever-cloud.com/core-team/cc-api,N/A (primitive String array)
cc-api,CreateTcpRedirectionCommand,TcpRedirection,2,https://gitlab.corp.clever-cloud.com/core-team/cc-api,src/main/java/com/clevercloud/ccapi/api/organisation/OrganisationApplicationsAPI.java:286,https://gitlab.corp.clever-cloud.com/clever-cloud/ccapidto,src/main/java/com/clevercloud/ccapi/output/application/TcpRedirView.java
cc-api,DeleteTcpRedirectionCommand,TcpRedirection,2,https://gitlab.corp.clever-cloud.com/core-team/cc-api,src/main/java/com/clevercloud/ccapi/api/organisation/OrganisationApplicationsAPI.java:306,https://gitlab.corp.clever-cloud.com/core-team/cc-api,"N/A (empty 200, no body)"
cc-api,ListTcpRedirectionCommand,TcpRedirection,2,https://gitlab.corp.clever-cloud.com/core-team/cc-api,src/main/java/com/clevercloud/ccapi/api/organisation/OrganisationApplicationsAPI.java:263,https://gitlab.corp.clever-cloud.com/clever-cloud/ccapidto,src/main/java/com/clevercloud/ccapi/output/application/TcpRedirView.java
cc-api,ListTcpRedirectionNamespaceCommand,TcpRedirection,2,https://gitlab.corp.clever-cloud.com/core-team/cc-api,src/main/java/com/clevercloud/ccapi/api/organisation/OrganisationAPI.java:140,https://gitlab.corp.clever-cloud.com/clever-cloud/ccapidto,src/main/java/com/clevercloud/ccapi/output/misc/NamespaceView.java
cc-api,DeleteUserSettingCommand,UserSetting,4,https://gitlab.corp.clever-cloud.com/clever-cloud/ovd,modules/settings/src/main/scala/com/clevercloud/settings/routes/SettingsRoutes.scala:120,https://gitlab.corp.clever-cloud.com/clever-cloud/ovd,"N/A (empty 200, no body)"
cc-api,GetUserSettingCommand,UserSetting,4,https://gitlab.corp.clever-cloud.com/clever-cloud/ovd,modules/settings/src/main/scala/com/clevercloud/settings/routes/SettingsRoutes.scala:96,https://gitlab.corp.clever-cloud.com/clever-cloud/ovd,modules/settings/src/main/scala/com/clevercloud/settings/models/Setting.scala
cc-api,SetUserSettingCommand,UserSetting,4,https://gitlab.corp.clever-cloud.com/clever-cloud/ovd,modules/settings/src/main/scala/com/clevercloud/settings/routes/SettingsRoutes.scala:107,https://gitlab.corp.clever-cloud.com/clever-cloud/ovd,"N/A (empty 200, no body)"
cc-api,CheckVatNumberCommand,VatNumber,2,https://gitlab.corp.clever-cloud.com/core-team/cc-api,src/main/java/com/clevercloud/ccapi/api/pub/VatCheckAPI.java:47,https://gitlab.corp.clever-cloud.com/core-team/cc-api,src/main/java/com/clevercloud/ccapi/vat/VatResult.java
cc-api,GetWarpTokenCommand,WarpToken,4,https://gitlab.corp.clever-cloud.com/clever-cloud/ovd,modules/metrics/src/main/scala/com/clevercloud/metrics/api/UserTokenEndpoints.scala:24,https://gitlab.corp.clever-cloud.com/clever-cloud/ovd,modules/metrics/src/main/scala/com/clevercloud/metrics/models/UserTokenModels.scala
cc-api,GetZoneCommand,Zone,4,https://gitlab.corp.clever-cloud.com/clever-cloud/ovd,modules/zone/src/main/scala/com/clevercloud/zone/api/routes.scala:37,https://gitlab.corp.clever-cloud.com/clever-cloud/ovd,core/src/main/scala/com/clevercloud/core/models/capacity/Zone.scala
cc-api,ListZoneCommand,Zone,4,https://gitlab.corp.clever-cloud.com/clever-cloud/ovd,modules/zone/src/main/scala/com/clevercloud/zone/api/routes.scala:29,https://gitlab.corp.clever-cloud.com/clever-cloud/ovd,core/src/main/scala/com/clevercloud/core/models/capacity/Zone.scala
redis-http,CmdCliSendCommand,Cmd,,https://gitlab.corp.clever-cloud.com/clever-cloud/redis-http,src/route/route-command.js:53,https://gitlab.corp.clever-cloud.com/clever-cloud/redis-http,src/schema/command.types.d.ts
redis-http,CmdSendCommand,Cmd,,https://gitlab.corp.clever-cloud.com/clever-cloud/redis-http,src/route/route-command.js:24,https://gitlab.corp.clever-cloud.com/clever-cloud/redis-http,src/schema/command.types.d.ts
redis-http,CreateHashKeyCommand,HashKey,,https://gitlab.corp.clever-cloud.com/clever-cloud/redis-http,src/route/route-hash.js:31,https://gitlab.corp.clever-cloud.com/clever-cloud/redis-http,src/schema/hash-key.types.d.ts
redis-http,DeleteHashKeyElementCommand,HashKey,,https://gitlab.corp.clever-cloud.com/clever-cloud/redis-http,src/route/route-hash.js:108,https://gitlab.corp.clever-cloud.com/clever-cloud/redis-http,src/schema/hash-key.types.d.ts
redis-http,ScanHashKeyCommand,HashKey,,https://gitlab.corp.clever-cloud.com/clever-cloud/redis-http,src/route/route-hash.js:71,https://gitlab.corp.clever-cloud.com/clever-cloud/redis-http,src/schema/hash-key.types.d.ts
redis-http,SetHashKeyElementCommand,HashKey,,https://gitlab.corp.clever-cloud.com/clever-cloud/redis-http,src/route/route-hash.js:140,https://gitlab.corp.clever-cloud.com/clever-cloud/redis-http,src/schema/hash-key.types.d.ts
redis-http,DeleteKeyCommand,Key,,https://gitlab.corp.clever-cloud.com/clever-cloud/redis-http,src/route/route-keys.js:61,https://gitlab.corp.clever-cloud.com/clever-cloud/redis-http,src/schema/keys.types.d.ts
redis-http,ScanKeyCommand,Key,,https://gitlab.corp.clever-cloud.com/clever-cloud/redis-http,src/route/route-keys.js:23,https://gitlab.corp.clever-cloud.com/clever-cloud/redis-http,src/schema/keys.types.d.ts
redis-http,AddListKeyElementCommand,ListKey,,https://gitlab.corp.clever-cloud.com/clever-cloud/redis-http,src/route/route-list.js:189,https://gitlab.corp.clever-cloud.com/clever-cloud/redis-http,src/schema/list-key.types.d.ts
redis-http,CreateListKeyCommand,ListKey,,https://gitlab.corp.clever-cloud.com/clever-cloud/redis-http,src/route/route-list.js:39,https://gitlab.corp.clever-cloud.com/clever-cloud/redis-http,src/schema/list-key.types.d.ts
redis-http,GetListKeyElementCommand,ListKey,,https://gitlab.corp.clever-cloud.com/clever-cloud/redis-http,src/route/route-list.js:115,https://gitlab.corp.clever-cloud.com/clever-cloud/redis-http,src/schema/list-key.types.d.ts
redis-http,ScanListKeyCommand,ListKey,,https://gitlab.corp.clever-cloud.com/clever-cloud/redis-http,src/route/route-list.js:78,https://gitlab.corp.clever-cloud.com/clever-cloud/redis-http,src/schema/list-key.types.d.ts
redis-http,UpdateListKeyElementCommand,ListKey,,https://gitlab.corp.clever-cloud.com/clever-cloud/redis-http,src/route/route-list.js:152,https://gitlab.corp.clever-cloud.com/clever-cloud/redis-http,src/schema/list-key.types.d.ts
redis-http,AddSetKeyElementCommand,SetKey,,https://gitlab.corp.clever-cloud.com/clever-cloud/redis-http,src/route/route-set.js:134,https://gitlab.corp.clever-cloud.com/clever-cloud/redis-http,src/schema/set-key.types.d.ts
redis-http,CreateSetKeyCommand,SetKey,,https://gitlab.corp.clever-cloud.com/clever-cloud/redis-http,src/route/route-set.js:26,https://gitlab.corp.clever-cloud.com/clever-cloud/redis-http,src/schema/set-key.types.d.ts
redis-http,DeleteSetKeyElementCommand,SetKey,,https://gitlab.corp.clever-cloud.com/clever-cloud/redis-http,src/route/route-set.js:102,https://gitlab.corp.clever-cloud.com/clever-cloud/redis-http,src/schema/set-key.types.d.ts
redis-http,ScanSetKeyCommand,SetKey,,https://gitlab.corp.clever-cloud.com/clever-cloud/redis-http,src/route/route-set.js:65,https://gitlab.corp.clever-cloud.com/clever-cloud/redis-http,src/schema/set-key.types.d.ts
redis-http,CreateStringKeyCommand,StringKey,,https://gitlab.corp.clever-cloud.com/clever-cloud/redis-http,src/route/route-string.js:56,https://gitlab.corp.clever-cloud.com/clever-cloud/redis-http,src/schema/string-key.schema.js
redis-http,GetStringKeyCommand,StringKey,,https://gitlab.corp.clever-cloud.com/clever-cloud/redis-http,src/route/route-string.js:24,https://gitlab.corp.clever-cloud.com/clever-cloud/redis-http,src/schema/string-key.schema.js
redis-http,UpdateStringKeyCommand,StringKey,,https://gitlab.corp.clever-cloud.com/clever-cloud/redis-http,src/route/route-string.js:92,https://gitlab.corp.clever-cloud.com/clever-cloud/redis-http,src/schema/string-key.schema.js
