method,path,command,domain,scope
POST,/v2/providers/addon-ai/resources,,ai,internal
DELETE,/v2/providers/addon-ai/resources/{aiId},,ai,internal
GET,/v4/addon-providers/addon-ai/addons/{aiId},,ai,admin-only
GET,/v4/ai/organisations/{ownerId}/ai/{aiId},,ai,admin-only
GET,/v4/ai/organisations/{ownerId}/ai/{aiId}/endpoints,,ai,admin-only
POST,/v4/ai/organisations/{ownerId}/ai/{aiId}/endpoints,,ai,admin-only
DELETE,/v4/ai/organisations/{ownerId}/ai/{aiId}/endpoints/{endpointId},,ai,admin-only
GET,/v4/ai/organisations/{ownerId}/ai/{aiId}/endpoints/{endpointId},,ai,admin-only
POST,/v4/ai/organisations/{ownerId}/ai/{aiId}/endpoints/{endpointId},,ai,admin-only
GET,/v4/ai/organisations/{ownerId}/ai/{aiId}/endpoints/{endpointId}/apikeys,,ai,admin-only
POST,/v4/ai/organisations/{ownerId}/ai/{aiId}/endpoints/{endpointId}/apikeys,,ai,admin-only
DELETE,/v4/ai/organisations/{ownerId}/ai/{aiId}/endpoints/{endpointId}/apikeys/{apikeyId},,ai,admin-only
GET,/v4/ai/organisations/{ownerId}/ai/{aiId}/endpoints/{endpointId}/apikeys/{apikeyId},,ai,admin-only
POST,/v4/ai/organisations/{ownerId}/ai/{aiId}/endpoints/{endpointId}/apikeys/{apikeyId},,ai,admin-only
GET,/v4/ai/organisations/{ownerId}/ai/{aiId}/endpoints/{endpointId}/budgets,,ai,admin-only
GET,/v4/ai/organisations/{ownerId}/ai/{aiId}/endpoints/{endpointId}/budgets/{budgetId},,ai,admin-only
GET,/v4/ai/organisations/{ownerId}/ai/{aiId}/providers,,ai,admin-only
POST,/v4/iam/organisations/{ownerId}/iam/materia-db-kv/{kvId}/tokens,,base,admin-only
GET,/v4/iam/organisations/{ownerId}/iam/tokens,,base,admin-only
DELETE,/v4/iam/organisations/{ownerId}/iam/tokens/{p1},,base,admin-only
GET,/v4/iam/organisations/{ownerId}/iam/tokens/{p1},,base,admin-only
GET,/v4/iam/tokens/revocations,,base,admin-only
POST,/v2/providers/addon-cellar/resources,,cellar,internal
DELETE,/v2/providers/addon-cellar/resources/{CellarId},,cellar,internal
GET,/v4/cellar/organisations/{ownerId}/cellar/{CellarId},GetCellarInfoCommand,cellar,admin-only
GET,/v4/cellar/organisations/{ownerId}/cellar/{CellarId}/buckets,ListCellarBucketCommand,cellar,admin-only
POST,/v4/cellar/organisations/{ownerId}/cellar/{CellarId}/buckets,CreateCellarBucketCommand,cellar,admin-only
DELETE,/v4/cellar/organisations/{ownerId}/cellar/{CellarId}/buckets/{bucketName},DeleteCellarBucketCommand,cellar,admin-only
GET,/v4/cellar/organisations/{ownerId}/cellar/{CellarId}/buckets/{bucketName},GetCellarBucketCommand,cellar,admin-only
PATCH,/v4/cellar/organisations/{ownerId}/cellar/{CellarId}/buckets/{bucketName},,cellar,admin-only
GET,/v4/cellar/organisations/{ownerId}/cellar/{CellarId}/buckets/{bucketName}/objects,ListCellarObjectCommand,cellar,admin-only
DELETE,/v4/cellar/organisations/{ownerId}/cellar/{CellarId}/buckets/{bucketName}/objects/{objectKey},DeleteCellarObjectCommand,cellar,admin-only
GET,/v4/cellar/organisations/{ownerId}/cellar/{CellarId}/buckets/{bucketName}/objects/{objectKey},GetCellarObjectCommand,cellar,admin-only
POST,/v4/cellar/organisations/{ownerId}/cellar/{CellarId}/buckets/{bucketName}/objects/{objectKey}/presigned-url,GetCellarObjectUploadUrlCommand,cellar,admin-only
POST,/v4/cellar/organisations/{ownerId}/cellar/{CellarId}/buckets/{bucketName}/objects/download-url,GetCellarObjectDownloadUrlCommand,cellar,admin-only
POST,/v4/cellar/organisations/{ownerId}/cellar/{CellarId}/buckets/{bucketName}/objects/upload-url,,cellar,admin-only
POST,/v4/cellar/organisations/{ownerId}/cellar/{CellarId}/buckets/{bucketName}/objects/upload/{objectKey},,cellar,admin-only
GET,/v4/cellar/organisations/{ownerId}/cellar/{CellarId}/credentials,GetCellarCredentialsCommand,cellar,admin-only
GET,/v4/cellar/organisations/{ownerId}/cellar/{CellarId}/credentials.cfg,,cellar,admin-only
GET,/v4/cellar/organisations/{ownerId}/cellar/{CellarId}/credentials/presigned-url,GetCellarCredentialsPresignedUrlCommand,cellar,admin-only
POST,/v4/cellar/organisations/{ownerId}/cellar/{CellarId}/credentials/renew,RenewCellarCredentialsCommand,cellar,admin-only
GET,/v4/cellar/organisations/{ownerId}/cellar/consumptions,,cellar,internal
GET,/v4/cellar/organisations/{ownerId}/clusters,,cellar,internal
POST,/v4/cellar/organisations/{ownerId}/clusters,,cellar,internal
DELETE,/v4/cellar/organisations/{ownerId}/clusters/{ClusterIndex},,cellar,internal
GET,/v4/cellar/organisations/{ownerId}/clusters/{ClusterIndex},,cellar,internal
PUT,/v4/cellar/organisations/{ownerId}/clusters/{ClusterIndex},,cellar,internal
GET,/v4/providers/addon-cellar/{CellarId},,cellar,admin-only
GET,/v4/compute/events/stream,,compute,internal
GET,/v4/compute/hypervisors,,compute,internal
GET,/v4/compute/hypervisors/{hypervisor-name},,compute,internal
POST,/v4/compute/hypervisors/{hypervisor-name}/check,,compute,internal
GET,/v4/compute/hypervisors/{hypervisor-name}/virtual-machines,,compute,internal
POST,/v4/compute/hypervisors/query,,compute,internal
POST,/v4/compute/placement/dry-run,,compute,internal
POST,/v4/compute/placement/dry-run/debug,,compute,internal
GET,/v4/compute/virtual-machines,,compute,internal
GET,/v4/compute/virtual-machines/{virtualMachineId},,compute,internal
POST,/v4/infrastructure/deployments,,compute,internal
GET,/v4/infrastructure/deployments/{deploymentId},,compute,internal
DELETE,/v4/infrastructure/virtual-machines/{virtualMachineId},,compute,internal
POST,/v2/providers/config-provider/resources,,configuration_provider,internal
DELETE,/v2/providers/config-provider/resources/{addonId},,configuration_provider,internal
GET,/v2/providers/config-provider/resources/{addonId},,configuration_provider,internal
GET,/v4/addon-providers/config-provider/addons/{addonId},,configuration_provider,external
GET,/v4/addon-providers/config-provider/addons/{addonId}/env,GetConfigProviderCommand,configuration_provider,external
PUT,/v4/addon-providers/config-provider/addons/{addonId}/env,UpdateConfigProviderCommand,configuration_provider,external
GET,/v4/tenants/{tenantId}/container-registry,,container_registry,admin-only
POST,/v4/tenants/{tenantId}/container-registry,,container_registry,admin-only
DELETE,/v4/tenants/{tenantId}/container-registry/{registryId},,container_registry,admin-only
GET,/v4/tenants/{tenantId}/container-registry/{registryId},,container_registry,admin-only
GET,/v4/tenants/{tenantId}/container-registry/{registryId}/tokens,,container_registry,admin-only
POST,/v4/tenants/{tenantId}/container-registry/{registryId}/tokens,,container_registry,admin-only
DELETE,/v4/tenants/{tenantId}/container-registry/{registryId}/tokens/{tokenId},,container_registry,admin-only
POST,/v4/tenants/{tenantId}/container-registry/{registryId}/tokens/{tokenId}/renew,,container_registry,admin-only
POST,/v2/providers/addon-cumulocity/resources,,cumulocity,internal
DELETE,/v2/providers/addon-cumulocity/resources/{addonCumulocityId},,cumulocity,internal
GET,/v4/addon-providers/addon-cumulocity/addons/{addonCumulocityId},,cumulocity,admin-only
GET,/v4/dns/organisations/{tenantId}/audit,,dns,admin-only
DELETE,/v4/dns/organisations/{tenantId}/records,,dns,admin-only
GET,/v4/dns/organisations/{tenantId}/records,,dns,admin-only
GET,/v4/dns/organisations/{tenantId}/resources/{resourceId}/audit,,dns,admin-only
GET,/v4/dns/organisations/{tenantId}/resources/{resourceId}/audit/{recordId},,dns,admin-only
DELETE,/v4/dns/organisations/{tenantId}/resources/{resourceId}/records,,dns,admin-only
GET,/v4/dns/organisations/{tenantId}/resources/{resourceId}/records,,dns,admin-only
POST,/v4/dns/organisations/{tenantId}/resources/{resourceId}/records,,dns,admin-only
DELETE,/v4/dns/organisations/{tenantId}/resources/{resourceId}/records/{recordId},,dns,admin-only
GET,/v4/dns/organisations/{tenantId}/resources/{resourceId}/records/{recordId},,dns,admin-only
DELETE,/v4/dns/organisations/{tenantId}/resources/{resourceId}/records/type/{type}/name/{recordName},,dns,admin-only
GET,/v4/dns/organisations/{tenantId}/resources/{resourceId}/records/type/{type}/name/{recordName},,dns,admin-only
GET,/v4/functions/deployments/{status},,function,admin-only
GET,/v4/functions/organisations/{ownerId}/functions,,function,admin-only
POST,/v4/functions/organisations/{ownerId}/functions,,function,admin-only
DELETE,/v4/functions/organisations/{ownerId}/functions/{functionId},,function,admin-only
GET,/v4/functions/organisations/{ownerId}/functions/{functionId},,function,admin-only
PUT,/v4/functions/organisations/{ownerId}/functions/{functionId},,function,admin-only
GET,/v4/functions/organisations/{ownerId}/functions/{functionId}/deployments,,function,admin-only
POST,/v4/functions/organisations/{ownerId}/functions/{functionId}/deployments,,function,admin-only
DELETE,/v4/functions/organisations/{ownerId}/functions/{functionId}/deployments/{deploymentId},,function,admin-only
GET,/v4/functions/organisations/{ownerId}/functions/{functionId}/deployments/{deploymentId},,function,admin-only
PUT,/v4/functions/organisations/{ownerId}/functions/{functionId}/deployments/{deploymentId},,function,admin-only
POST,/v4/functions/organisations/{ownerId}/functions/{functionId}/deployments/{deploymentId}/trigger,,function,admin-only
DELETE,/v4/functions/organisations/{ownerId}/functions/{functionId}/trigger-pulsar,,function,admin-only
GET,/v4/functions/organisations/{ownerId}/functions/{functionId}/trigger-pulsar,,function,admin-only
POST,/v4/functions/organisations/{ownerId}/functions/{functionId}/trigger-pulsar,,function,admin-only
POST,/v4/images,,image,internal
GET,/v4/images/{image}/versions/{version},,image,internal
GET,/v4/images/{image}/versions/{version}/diff/{newVersion},,image,internal
GET,/v4/images/{image}/versions/{version}/packages/{package},,image,internal
DELETE,/v4/images/{imageId},,image,internal
GET,/v4/images/{imageId},,image,internal
GET,/v4/ipam/organisations/{ownerId}/ipam/consumptions,,ipam,internal
DELETE,/v4/ipam/organisations/{tenantId}/acl,,ipam,admin-only
GET,/v4/ipam/organisations/{tenantId}/acl,,ipam,admin-only
PUT,/v4/ipam/organisations/{tenantId}/acl,,ipam,admin-only
DELETE,/v4/ipam/organisations/{tenantId}/acl/resources/{resourceId},,ipam,admin-only
GET,/v4/ipam/organisations/{tenantId}/acl/resources/{resourceId},,ipam,admin-only
PUT,/v4/ipam/organisations/{tenantId}/acl/resources/{resourceId},,ipam,admin-only
GET,/v4/ipam/organisations/{tenantId}/assignment/resources,,ipam,admin-only
GET,/v4/ipam/organisations/{tenantId}/assignment/resources/{resourceId},,ipam,admin-only
GET,/v4/ipam/organisations/{tenantId}/audit,,ipam,admin-only
GET,/v4/ipam/organisations/{tenantId}/audit/{auditIpamResourceId},,ipam,admin-only
GET,/v4/ipam/organisations/{tenantId}/regions,,ipam,admin-only
POST,/v4/ipam/organisations/{tenantId}/regions,,ipam,admin-only
DELETE,/v4/ipam/organisations/{tenantId}/regions/{regionId},,ipam,admin-only
GET,/v4/ipam/organisations/{tenantId}/regions/{regionId},,ipam,admin-only
PUT,/v4/ipam/organisations/{tenantId}/regions/{regionId},,ipam,admin-only
GET,/v4/ipam/organisations/{tenantId}/regions/{regionId}/networks,,ipam,admin-only
POST,/v4/ipam/organisations/{tenantId}/regions/{regionId}/networks,,ipam,admin-only
DELETE,/v4/ipam/organisations/{tenantId}/regions/{regionId}/networks/{networkId},,ipam,admin-only
GET,/v4/ipam/organisations/{tenantId}/regions/{regionId}/networks/{networkId},,ipam,admin-only
POST,/v4/ipam/organisations/{tenantId}/regions/{regionId}/networks/{networkId}/freeze,,ipam,admin-only
POST,/v4/ipam/organisations/{tenantId}/regions/{regionId}/networks/{networkId}/unfreeze,,ipam,admin-only
POST,/v4/ipam/organisations/{tenantId}/regions/{regionId}/resources/{resourceId}/assign/{ipVersion},,ipam,admin-only
POST,/v4/ipam/organisations/{tenantId}/regions/{regionId}/resources/{resourceId}/bulk/assign/{ipVersion},,ipam,admin-only
POST,/v4/ipam/organisations/{tenantId}/resources/{resourceId}/bulk/unassign,,ipam,admin-only
POST,/v4/ipam/organisations/{tenantId}/resources/{resourceId}/ip/{ipAddress}/freeze,,ipam,admin-only
POST,/v4/ipam/organisations/{tenantId}/resources/{resourceId}/ip/{ipAddress}/unfreeze,,ipam,admin-only
POST,/v4/ipam/organisations/{tenantId}/resources/{resourceId}/unassign/{ipAddress},,ipam,admin-only
POST,/v2/providers/addon-keycloak/resources,,keycloak,internal
DELETE,/v2/providers/addon-keycloak/resources/{addonKeycloakId},,keycloak,internal
GET,/v4/addon-providers/addon-keycloak/addons/{addonKeycloakId},GetKeycloakInfoCommand,keycloak,external
POST,/v4/addon-providers/addon-keycloak/addons/{addonKeycloakId}/application,,keycloak,internal
DELETE,/v4/addon-providers/addon-keycloak/addons/{addonKeycloakId}/networkgroup,DeleteKeycloakNetworkGroupCommand,keycloak,external
POST,/v4/addon-providers/addon-keycloak/addons/{addonKeycloakId}/networkgroup,CreateKeycloakNetworkGroupCommand,keycloak,external
POST,/v4/addon-providers/addon-keycloak/addons/{addonKeycloakId}/reboot,RebootKeycloakCommand,keycloak,external
POST,/v4/addon-providers/addon-keycloak/addons/{addonKeycloakId}/rebuild,RebuildKeycloakCommand,keycloak,external
GET,/v4/addon-providers/addon-keycloak/addons/{addonKeycloakId}/version/check,CheckKeycloakVersionCommand,keycloak,external
POST,/v4/addon-providers/addon-keycloak/addons/{addonKeycloakId}/version/update,UpdateKeycloakVersionCommand,keycloak,external
GET,/v4/addon-providers/keycloak,,keycloak,external
POST,/v4/keycloak/consumptions,,keycloak,internal
POST,/v4/keycloak/organisations/{ownerId}/keycloak/{addonKeycloakId}/consumption,,keycloak,internal
GET,/v4/keycloaks/organisations/{ownerId}/keycloaks/{addonKeycloakId},,keycloak,internal
POST,/v2/providers/addon-kms/resources,,kms,internal
DELETE,/v2/providers/addon-kms/resources/{addonKmsId},,kms,internal
GET,/v4/kms/clusters/{kmsClusterId}/endpoints,,kms,admin-only
GET,/v4/kms/organisations/{ownerId}/kms/{addonKmsId},,kms,admin-only
GET,/v4/kubernetes-product,GetKubernetesProductCommand,kubernetes,admin-only
POST,/v4/kubernetes/admin/clusters/{clusterId}/plugins/backfill,,kubernetes,admin-only
POST,/v4/kubernetes/admin/clusters/plugins/backfill,,kubernetes,admin-only
GET,/v4/kubernetes/admin/deployment-profiles,,kubernetes,admin-only
POST,/v4/kubernetes/admin/deployment-profiles,,kubernetes,admin-only
DELETE,/v4/kubernetes/admin/deployment-profiles/{locationId},,kubernetes,admin-only
GET,/v4/kubernetes/admin/deployment-profiles/{locationId},,kubernetes,admin-only
PUT,/v4/kubernetes/admin/deployment-profiles/{locationId},,kubernetes,admin-only
GET,/v4/kubernetes/organisations/{ownerId}/clusters,ListKubernetesClusterCommand,kubernetes,admin-only
POST,/v4/kubernetes/organisations/{ownerId}/clusters,CreateKubernetesClusterCommand,kubernetes,admin-only
DELETE,/v4/kubernetes/organisations/{ownerId}/clusters/{clusterId},DeleteKubernetesClusterCommand,kubernetes,admin-only
GET,/v4/kubernetes/organisations/{ownerId}/clusters/{clusterId},GetKubernetesClusterCommand,kubernetes,admin-only
PATCH,/v4/kubernetes/organisations/{ownerId}/clusters/{clusterId},UpdateKubernetesClusterCommand,kubernetes,admin-only
POST,/v4/kubernetes/organisations/{ownerId}/clusters/{clusterId}/csi/ceph,AddKubernetesPersistentStorageCommand,kubernetes,admin-only
GET,/v4/kubernetes/organisations/{ownerId}/clusters/{clusterId}/deployment-events,,kubernetes,admin-only
GET,/v4/kubernetes/organisations/{ownerId}/clusters/{clusterId}/events,ListKubernetesClusterEventCommand,kubernetes,admin-only
GET,/v4/kubernetes/organisations/{ownerId}/clusters/{clusterId}/kubeconfig.yaml,GetKubernetesKubeconfigCommand,kubernetes,admin-only
GET,/v4/kubernetes/organisations/{ownerId}/clusters/{clusterId}/kubeconfig/presigned-url,GetKubernetesKubeconfigPresignedUrlCommand,kubernetes,admin-only
GET,/v4/kubernetes/organisations/{ownerId}/clusters/{clusterId}/node-groups,ListKubernetesNodeGroupCommand,kubernetes,admin-only
POST,/v4/kubernetes/organisations/{ownerId}/clusters/{clusterId}/node-groups,CreateKubernetesNodeGroupCommand,kubernetes,admin-only
DELETE,/v4/kubernetes/organisations/{ownerId}/clusters/{clusterId}/node-groups/{nodeGroupId},DeleteKubernetesNodeGroupCommand,kubernetes,admin-only
GET,/v4/kubernetes/organisations/{ownerId}/clusters/{clusterId}/node-groups/{nodeGroupId},GetKubernetesNodeGroupCommand,kubernetes,admin-only
PATCH,/v4/kubernetes/organisations/{ownerId}/clusters/{clusterId}/node-groups/{nodeGroupId},UpdateKubernetesNodeGroupCommand,kubernetes,admin-only
POST,/v4/kubernetes/organisations/{ownerId}/clusters/{clusterId}/node-groups/{nodeGroupId}/resume,,kubernetes,admin-only
GET,/v4/kubernetes/organisations/{ownerId}/clusters/{clusterId}/nodes,,kubernetes,admin-only
POST,/v4/kubernetes/organisations/{ownerId}/clusters/{clusterId}/nodes,,kubernetes,admin-only
DELETE,/v4/kubernetes/organisations/{ownerId}/clusters/{clusterId}/nodes/{nodeId},,kubernetes,admin-only
GET,/v4/kubernetes/organisations/{ownerId}/clusters/{clusterId}/nodes/{nodeId},,kubernetes,admin-only
POST,/v4/kubernetes/organisations/{ownerId}/clusters/{clusterId}/redeploy,RedeployKubernetesClusterCommand,kubernetes,admin-only
POST,/v4/kubernetes/organisations/{ownerId}/clusters/{clusterId}/resume,ResumeKubernetesClusterCommand,kubernetes,admin-only
GET,/v4/kubernetes/organisations/{ownerId}/clusters/{clusterId}/version/check,CheckKubernetesClusterVersionCommand,kubernetes,admin-only
POST,/v4/kubernetes/organisations/{ownerId}/clusters/{clusterId}/version/update,UpdateKubernetesClusterVersionCommand,kubernetes,admin-only
GET,/v4/kubernetes/organisations/{ownerId}/kubernetes/consumptions,,kubernetes,internal
GET,/v4/kubernetes/organisations/{ownerId}/quota,GetKubernetesQuotaCommand,kubernetes,admin-only
GET,/v4/kubernetes/organisations/{ownerId}/usage,ListKubernetesUsageCommand,kubernetes,admin-only
GET,/v4/kubernetes/plugins/catalog,,kubernetes,admin-only
GET,/v4/loadbalancer/organisations/{ownerId}/loadbalancer/consumptions,,loadbalancer,internal
GET,/v4/loadbalancers/organisations/{tenantId}/audit,,loadbalancer,admin-only
GET,/v4/loadbalancers/organisations/{tenantId}/audit/{resourceId},,loadbalancer,admin-only
GET,/v4/loadbalancers/organisations/{tenantId}/loadbalancers,,loadbalancer,admin-only
GET,/v4/loadbalancers/organisations/{tenantId}/loadbalancers/{loadbalancerId}/clusters,,loadbalancer,admin-only
POST,/v4/loadbalancers/organisations/{tenantId}/loadbalancers/{loadbalancerId}/clusters,,loadbalancer,admin-only
DELETE,/v4/loadbalancers/organisations/{tenantId}/loadbalancers/{loadbalancerId}/clusters/{clusterId},,loadbalancer,admin-only
GET,/v4/loadbalancers/organisations/{tenantId}/loadbalancers/{loadbalancerId}/clusters/{clusterId},,loadbalancer,admin-only
GET,/v4/loadbalancers/organisations/{tenantId}/loadbalancers/{loadbalancerId}/listeners,,loadbalancer,admin-only
POST,/v4/loadbalancers/organisations/{tenantId}/loadbalancers/{loadbalancerId}/listeners,,loadbalancer,admin-only
DELETE,/v4/loadbalancers/organisations/{tenantId}/loadbalancers/{loadbalancerId}/listeners/{listenerId},,loadbalancer,admin-only
GET,/v4/loadbalancers/organisations/{tenantId}/loadbalancers/{loadbalancerId}/listeners/{listenerId},,loadbalancer,admin-only
GET,/v4/loadbalancers/organisations/{tenantId}/networks,,loadbalancer,admin-only
POST,/v4/loadbalancers/organisations/{tenantId}/networks,,loadbalancer,admin-only
DELETE,/v4/loadbalancers/organisations/{tenantId}/networks/{networkId},,loadbalancer,admin-only
GET,/v4/loadbalancers/organisations/{tenantId}/networks/{networkId},,loadbalancer,admin-only
DELETE,/v4/loadbalancers/organisations/{tenantId}/parents/{parentId},,loadbalancer,admin-only
GET,/v4/loadbalancers/organisations/{tenantId}/parents/{parentId},,loadbalancer,admin-only
GET,/v4/loadbalancers/organisations/{tenantId}/pulsar,,loadbalancer,internal
GET,/v4/loadbalancers/organisations/{tenantId}/regions/{regionId}/loadbalancers,,loadbalancer,admin-only
POST,/v4/loadbalancers/organisations/{tenantId}/regions/{regionId}/loadbalancers,,loadbalancer,admin-only
DELETE,/v4/loadbalancers/organisations/{tenantId}/regions/{regionId}/loadbalancers/{loadbalancerId},,loadbalancer,admin-only
GET,/v4/loadbalancers/organisations/{tenantId}/regions/{regionId}/loadbalancers/{loadbalancerId},,loadbalancer,admin-only
DELETE,/v4/loadbalancers/organisations/{tenantId}/regions/{regionId}/loadbalancers/{loadbalancerId}/acl,,loadbalancer,admin-only
GET,/v4/loadbalancers/organisations/{tenantId}/regions/{regionId}/loadbalancers/{loadbalancerId}/acl,,loadbalancer,admin-only
POST,/v4/loadbalancers/organisations/{tenantId}/regions/{regionId}/loadbalancers/{loadbalancerId}/acl,,loadbalancer,admin-only
POST,/v4/loadbalancers/organisations/{tenantId}/regions/{regionId}/loadbalancers/{loadbalancerId}/attach/{networkId},,loadbalancer,admin-only
GET,/v4/loadbalancers/organisations/{tenantId}/regions/{regionId}/loadbalancers/{loadbalancerId}/available-tls-ciphers,,loadbalancer,admin-only
PUT,/v4/loadbalancers/organisations/{tenantId}/regions/{regionId}/loadbalancers/{loadbalancerId}/co-owners,,loadbalancer,admin-only
GET,/v4/loadbalancers/organisations/{tenantId}/regions/{regionId}/loadbalancers/{loadbalancerId}/configuration,,loadbalancer,admin-only
PUT,/v4/loadbalancers/organisations/{tenantId}/regions/{regionId}/loadbalancers/{loadbalancerId}/configuration,,loadbalancer,admin-only
POST,/v4/loadbalancers/organisations/{tenantId}/regions/{regionId}/loadbalancers/{loadbalancerId}/configuration/rollback/{versionNumber},,loadbalancer,admin-only
POST,/v4/loadbalancers/organisations/{tenantId}/regions/{regionId}/loadbalancers/{loadbalancerId}/detach/{networkId},,loadbalancer,admin-only
GET,/v4/loadbalancers/organisations/{tenantId}/regions/{regionId}/loadbalancers/{loadbalancerId}/networks,,loadbalancer,admin-only
POST,/v4/loadbalancers/organisations/{tenantId}/regions/{regionId}/loadbalancers/{loadbalancerId}/scale,,loadbalancer,admin-only
GET,/v4/loadbalancers/organisations/{tenantId}/regions/{regionId}/loadbalancers/{loadbalancerId}/sticky-name,,loadbalancer,admin-only
PUT,/v4/loadbalancers/organisations/{tenantId}/regions/{regionId}/loadbalancers/{loadbalancerId}/sticky-name,,loadbalancer,admin-only
GET,/v4/loadbalancers/organisations/{tenantId}/regions/{regionId}/loadbalancers/{loadbalancerId}/timeouts,,loadbalancer,admin-only
PUT,/v4/loadbalancers/organisations/{tenantId}/regions/{regionId}/loadbalancers/{loadbalancerId}/timeouts,,loadbalancer,admin-only
GET,/v4/loadbalancers/organisations/{tenantId}/regions/{regionId}/loadbalancers/{loadbalancerId}/tls-ciphers,,loadbalancer,admin-only
PUT,/v4/loadbalancers/organisations/{tenantId}/regions/{regionId}/loadbalancers/{loadbalancerId}/tls-ciphers,,loadbalancer,admin-only
GET,/v4/loadbalancers/organisations/{tenantId}/regions/{regionId}/servers,,loadbalancer,admin-only
POST,/v4/loadbalancers/organisations/{tenantId}/regions/{regionId}/servers,,loadbalancer,admin-only
DELETE,/v4/loadbalancers/organisations/{tenantId}/regions/{regionId}/servers/{serverId},,loadbalancer,admin-only
GET,/v4/loadbalancers/organisations/{tenantId}/regions/{regionId}/servers/{serverId},,loadbalancer,admin-only
PUT,/v4/loadbalancers/organisations/{tenantId}/regions/{regionId}/servers/{serverId}/drain,,loadbalancer,admin-only
PUT,/v4/loadbalancers/organisations/{tenantId}/regions/{regionId}/servers/{serverId}/loadbalancer-capacity,,loadbalancer,admin-only
PUT,/v4/loadbalancers/organisations/{tenantId}/regions/{regionId}/servers/{serverId}/maintenance,,loadbalancer,admin-only
GET,/v4/loadbalancers/organisations/{tenantId}/servers,,loadbalancer,admin-only
GET,/v4/drains,,log,external
DELETE,/v4/drains/organisations/{ownerId}/applications/{applicationId}/drains,,log,internal
GET,/v4/drains/organisations/{ownerId}/applications/{applicationId}/drains,,log,internal
POST,/v4/drains/organisations/{ownerId}/applications/{applicationId}/drains,,log,internal
DELETE,/v4/drains/organisations/{ownerId}/applications/{applicationId}/drains/{drainId},,log,internal
GET,/v4/drains/organisations/{ownerId}/applications/{applicationId}/drains/{drainId},,log,internal
POST,/v4/drains/organisations/{ownerId}/applications/{applicationId}/drains/{drainId}/check,,log,internal
PUT,/v4/drains/organisations/{ownerId}/applications/{applicationId}/drains/{drainId}/disable,,log,internal
PUT,/v4/drains/organisations/{ownerId}/applications/{applicationId}/drains/{drainId}/enable,,log,internal
PATCH,/v4/drains/organisations/{ownerId}/applications/{applicationId}/drains/{drainId}/reset-cursor,,log,internal
GET,/v4/drains/organisations/{ownerId}/applications/{applicationId}/drains/{drainId}/test-command,,log,internal
DELETE,/v4/drains/organisations/{ownerId}/drains,,log,internal
GET,/v4/drains/organisations/{ownerId}/drains,,log,external
POST,/v4/drains/organisations/{ownerId}/drains,,log,external
DELETE,/v4/drains/organisations/{ownerId}/drains/{drainId},,log,external
GET,/v4/drains/organisations/{ownerId}/drains/{drainId},,log,external
POST,/v4/drains/organisations/{ownerId}/drains/{drainId}/check,,log,external
PUT,/v4/drains/organisations/{ownerId}/drains/{drainId}/disable,,log,external
PUT,/v4/drains/organisations/{ownerId}/drains/{drainId}/enable,,log,external
PATCH,/v4/drains/organisations/{ownerId}/drains/{drainId}/reset-cursor,,log,external
GET,/v4/drains/organisations/{ownerId}/drains/{drainId}/test-command,,log,external
DELETE,/v4/drains/organisations/{ownerId}/resources/{resourceId}/drains,,log,internal
GET,/v4/drains/organisations/{ownerId}/resources/{resourceId}/drains,ListLogDrainCommand,log,external
POST,/v4/drains/organisations/{ownerId}/resources/{resourceId}/drains,CreateLogDrainCommand,log,external
DELETE,/v4/drains/organisations/{ownerId}/resources/{resourceId}/drains/{drainId},DeleteLogDrainCommand,log,external
GET,/v4/drains/organisations/{ownerId}/resources/{resourceId}/drains/{drainId},GetLogDrainCommand,log,external
POST,/v4/drains/organisations/{ownerId}/resources/{resourceId}/drains/{drainId}/check,,log,external
PUT,/v4/drains/organisations/{ownerId}/resources/{resourceId}/drains/{drainId}/disable,DisableLogDrainCommand,log,external
PUT,/v4/drains/organisations/{ownerId}/resources/{resourceId}/drains/{drainId}/enable,EnableLogDrainCommand,log,external
PATCH,/v4/drains/organisations/{ownerId}/resources/{resourceId}/drains/{drainId}/reset-cursor,,log,external
GET,/v4/drains/organisations/{ownerId}/resources/{resourceId}/drains/{drainId}/test-command,,log,external
POST,/v2/providers/materia/{layerId}/resources,,materia_incubator,internal
DELETE,/v2/providers/materia/{layerId}/resources/{addonId},,materia_incubator,internal
GET,/v2/providers/materia/{layerId}/resources/{addonId},,materia_incubator,internal
POST,/v2/providers/kv/resources,,materia_kv,internal
DELETE,/v2/providers/kv/resources/{kvId},,materia_kv,internal
GET,/v2/providers/kv/resources/{kvId},,materia_kv,internal
GET,/v4/addon-providers/kv,,materia_kv,internal
DELETE,/v4/materia/organisations/{ownerId}/materia/databases/{kvId},,materia_kv,internal
GET,/v4/materia/organisations/{ownerId}/materia/databases/{kvId},GetMateriaInfoCommand,materia_kv,internal
POST,/v2/providers/addon-ts/resources,,materia_timeseries,internal
DELETE,/v2/providers/addon-ts/resources/{addonTsId},,materia_timeseries,internal
GET,/v4/addon-providers/addon-ts/addons/{addonTsId},,materia_timeseries,admin-only
GET,/v4/addon-providers/addon-ts/addons/{addonTsId}/quota,,materia_timeseries,admin-only
GET,/v4/addon-providers/addon-ts/quotas,,materia_timeseries,internal
GET,/v4/addon-providers/addon-ts/token/revocation,,materia_timeseries,internal
POST,/v2/providers/addon-matomo/resources,,matomo,internal
DELETE,/v2/providers/addon-matomo/resources/{addonMatomoId},,matomo,internal
GET,/v4/addon-providers/addon-matomo,,matomo,external
GET,/v4/addon-providers/addon-matomo/addons/{addonMatomoId},GetMatomoInfoCommand,matomo,external
POST,/v4/addon-providers/addon-matomo/addons/{addonMatomoId}/reboot,RebootMatomoCommand,matomo,external
POST,/v4/addon-providers/addon-matomo/addons/{addonMatomoId}/rebuild,RebuildMatomoCommand,matomo,external
GET,/v4/addon-providers/addon-matomo/token/validate,,matomo,internal
POST,/v2/providers/addon-metabase/resources,,metabase,internal
DELETE,/v2/providers/addon-metabase/resources/{addonMetabaseId},,metabase,internal
GET,/v4/addon-providers/addon-metabase/addons/{addonMetabaseId},GetMetabaseInfoCommand,metabase,external
POST,/v4/addon-providers/addon-metabase/addons/{addonMetabaseId}/reboot,RebootMetabaseCommand,metabase,external
POST,/v4/addon-providers/addon-metabase/addons/{addonMetabaseId}/rebuild,RebuildMetabaseCommand,metabase,external
GET,/v4/addon-providers/addon-metabase/addons/{addonMetabaseId}/version/check,CheckMetabaseVersionCommand,metabase,external
POST,/v4/addon-providers/addon-metabase/addons/{addonMetabaseId}/version/update,UpdateMetabaseVersionCommand,metabase,external
GET,/v4/addon-providers/metabase,,metabase,external
POST,/v4/metabase/consumptions,,metabase,internal
POST,/v4/metabase/organisations/{ownerId}/metabase/{addonMetabaseId}/consumption,,metabase,internal
GET,/v4/stats/organisations/{ownerId}/http-status-codes,GetStatusCodeDistributionCommand,metrics,internal
GET,/v4/stats/organisations/{ownerId}/requests,GetHeatMapCommand,metrics,internal
GET,/v4/stats/organisations/{ownerId}/requests-live,StreamRequestsCommand,metrics,internal
GET,/v4/stats/organisations/{ownerId}/resources/{resourceId}/metrics,GetMetricsCommand,metrics,internal
POST,/v4/stats/organisations/{ownerId}/resources/{resourceId}/tokens/read,,metrics,admin-only
POST,/v4/stats/organisations/{ownerId}/tokens/read,,metrics,admin-only
GET,/v4/networkgroups/organisations/{ownerId}/networkgroups,ListNetworkGroupCommand,network_group,external
POST,/v4/networkgroups/organisations/{ownerId}/networkgroups,CreateNetworkGroupCommand,network_group,external
DELETE,/v4/networkgroups/organisations/{ownerId}/networkgroups/{networkGroupId},DeleteNetworkGroupCommand,network_group,external
GET,/v4/networkgroups/organisations/{ownerId}/networkgroups/{networkGroupId},GetNetworkGroupCommand,network_group,external
POST,/v4/networkgroups/organisations/{ownerId}/networkgroups/{networkGroupId}/external-peers,CreateNetworkGroupExternalPeerCommand,network_group,external
DELETE,/v4/networkgroups/organisations/{ownerId}/networkgroups/{networkGroupId}/external-peers/{peerId},DeleteNetworkGroupExternalPeerCommand,network_group,external
GET,/v4/networkgroups/organisations/{ownerId}/networkgroups/{networkGroupId}/members,,network_group,external
POST,/v4/networkgroups/organisations/{ownerId}/networkgroups/{networkGroupId}/members,CreateNetworkGroupMemberCommand,network_group,external
DELETE,/v4/networkgroups/organisations/{ownerId}/networkgroups/{networkGroupId}/members/{memberId},DeleteNetworkGroupMemberCommand,network_group,external
GET,/v4/networkgroups/organisations/{ownerId}/networkgroups/{networkGroupId}/members/{memberId},GetNetworkGroupMemberCommand,network_group,external
GET,/v4/networkgroups/organisations/{ownerId}/networkgroups/{networkGroupId}/peers,,network_group,external
POST,/v4/networkgroups/organisations/{ownerId}/networkgroups/{networkGroupId}/peers,,network_group,external
DELETE,/v4/networkgroups/organisations/{ownerId}/networkgroups/{networkGroupId}/peers/{peerId},,network_group,external
GET,/v4/networkgroups/organisations/{ownerId}/networkgroups/{networkGroupId}/peers/{peerId},GetNetworkGroupPeerCommand,network_group,external
GET,/v4/networkgroups/organisations/{ownerId}/networkgroups/{networkGroupId}/peers/{peerId}/wireguard/configuration,GetNetworkGroupWireguardConfigurationCommand,network_group,external
GET,/v4/networkgroups/organisations/{ownerId}/networkgroups/{networkGroupId}/peers/{peerId}/wireguard/configuration/presigned-url,GetNetworkGroupWireguardConfigurationUrlCommand,network_group,external
GET,/v4/networkgroups/organisations/{ownerId}/networkgroups/{networkGroupId}/peers/{peerId}/wireguard/configuration/stream,,network_group,external
GET,/v4/networkgroups/organisations/{ownerId}/networkgroups/{networkGroupId}/stream,,network_group,external
GET,/v4/networkgroups/organisations/{ownerId}/networkgroups/search,SearchNetworkGroupCommand,network_group,external
GET,/v4/otel/gateways,,opentelemetry,admin-only
POST,/v4/otel/gateways,,opentelemetry,admin-only
GET,/v4/otel/organisations/{ownerId}/namespaces,,opentelemetry,admin-only
POST,/v4/otel/organisations/{ownerId}/namespaces,,opentelemetry,admin-only
DELETE,/v4/otel/organisations/{ownerId}/namespaces/{otelId},,opentelemetry,admin-only
POST,/v4/otel/organisations/{ownerId}/namespaces/{otelId}/services,,opentelemetry,admin-only
POST,/v2/providers/addon-otoroshi/resources,,otoroshi,internal
DELETE,/v2/providers/addon-otoroshi/resources/{OtoroshiId},,otoroshi,internal
GET,/v4/addon-providers/addon-otoroshi/addons/{OtoroshiId},GetOtoroshiInfoCommand,otoroshi,external
GET,/v4/addon-providers/addon-otoroshi/addons/{OtoroshiId}/config.yaml,GetOtoroshiConfigCommand,otoroshi,external
DELETE,/v4/addon-providers/addon-otoroshi/addons/{OtoroshiId}/networkgroup,DeleteOtoroshiNetworkGroupCommand,otoroshi,external
POST,/v4/addon-providers/addon-otoroshi/addons/{OtoroshiId}/networkgroup,CreateOtoroshiNetworkGroupCommand,otoroshi,external
POST,/v4/addon-providers/addon-otoroshi/addons/{OtoroshiId}/reboot,RebootOtoroshiCommand,otoroshi,external
POST,/v4/addon-providers/addon-otoroshi/addons/{OtoroshiId}/rebuild,RebuildOtoroshiCommand,otoroshi,external
GET,/v4/addon-providers/addon-otoroshi/addons/{OtoroshiId}/version/check,CheckOtoroshiVersionCommand,otoroshi,external
POST,/v4/addon-providers/addon-otoroshi/addons/{OtoroshiId}/version/update,UpdateOtoroshiVersionCommand,otoroshi,external
GET,/v4/addon-providers/otoroshi,,otoroshi,external
GET,/v4/otoroshi/{OtoroshiId},,otoroshi,internal
POST,/v4/otoroshi/consumptions,,otoroshi,internal
POST,/v4/otoroshi/organisations/{ownerId}/otoroshi/{OtoroshiId}/consumption,,otoroshi,internal
POST,/v4/postgresql/{postgreSQLId}/migration/post,,postgresql,admin-only
POST,/v4/postgresql/{postgreSQLId}/migration/pre,,postgresql,admin-only
GET,/v4/postgresql/{postgreSQLId}/migration/privileges,,postgresql,admin-only
GET,/v4/postgresql/{postgreSQLId}/migration/users,,postgresql,admin-only
GET,/v4/postgresql/organisations/{ownerId}/postgresql/{postgreSQLId}/databases,,postgresql,admin-only
GET,/v4/postgresql/organisations/{ownerId}/postgresql/{postgreSQLId}/databases/{databaseId},,postgresql,admin-only
PATCH,/v4/postgresql/organisations/{ownerId}/postgresql/{postgreSQLId}/databases/{databaseId},,postgresql,admin-only
GET,/v4/postgresql/organisations/{ownerId}/postgresql/{postgreSQLId}/oids,,postgresql,admin-only
GET,/v4/postgresql/organisations/{ownerId}/postgresql/{postgreSQLId}/oids/databases,,postgresql,admin-only
GET,/v4/postgresql/organisations/{ownerId}/postgresql/{postgreSQLId}/oids/schemas,,postgresql,admin-only
GET,/v4/postgresql/organisations/{ownerId}/postgresql/{postgreSQLId}/oids/tables,,postgresql,admin-only
GET,/v4/postgresql/organisations/{ownerId}/postgresql/{postgreSQLId}/users,,postgresql,admin-only
POST,/v4/postgresql/organisations/{ownerId}/postgresql/{postgreSQLId}/users,,postgresql,admin-only
DELETE,/v4/postgresql/organisations/{ownerId}/postgresql/{postgreSQLId}/users/{pgUserId},,postgresql,admin-only
PATCH,/v4/postgresql/organisations/{ownerId}/postgresql/{postgreSQLId}/users/{pgUserId},,postgresql,admin-only
PATCH,/v4/postgresql/organisations/{ownerId}/postgresql/{postgreSQLId}/users/{pgUserId}/privileges/databases/{objectId},,postgresql,admin-only
PATCH,/v4/postgresql/organisations/{ownerId}/postgresql/{postgreSQLId}/users/{pgUserId}/privileges/databases/{objectId}/schemas/{objectId},,postgresql,admin-only
PATCH,/v4/postgresql/organisations/{ownerId}/postgresql/{postgreSQLId}/users/{pgUserId}/privileges/databases/{objectId}/schemas/{objectId}/tables/{objectId},,postgresql,admin-only
POST,/v4/postgresql/organisations/{ownerId}/postgresql/{postgreSQLId}/users/{pgUserId}/rotate-password,,postgresql,admin-only
GET,/v4/postgresql/organisations/{ownerId}/postgresql/{postgreSQLId}/users/privileges/databases,,postgresql,admin-only
GET,/v4/postgresql/organisations/{ownerId}/postgresql/{postgreSQLId}/users/privileges/schemas,,postgresql,admin-only
GET,/v4/postgresql/organisations/{ownerId}/postgresql/{postgreSQLId}/users/privileges/tables,,postgresql,admin-only
POST,/v2/providers/addon-pulsar/resources,,pulsar,internal
DELETE,/v2/providers/addon-pulsar/resources/{pulsarId},,pulsar,internal
GET,/v2/providers/addon-pulsar/resources/{pulsarId},,pulsar,internal
DELETE,/v2/providers/addon-pulsar/resources/{pulsarId}/topics/{topic},,pulsar,internal
GET,/v4/addon-providers/addon-pulsar,,pulsar,internal
POST,/v4/addon-providers/addon-pulsar/addons,,pulsar,internal
DELETE,/v4/addon-providers/addon-pulsar/addons/{pulsarId},,pulsar,internal
GET,/v4/addon-providers/addon-pulsar/addons/{pulsarId},GetPulsarInfoCommand,pulsar,internal
POST,/v4/addon-providers/addon-pulsar/addons/{pulsarId}/create-tenant-and-namespace,,pulsar,internal
DELETE,/v4/addon-providers/addon-pulsar/addons/{pulsarId}/delete-tenant-and-namespace,,pulsar,internal
GET,/v4/addon-providers/addon-pulsar/addons/{pulsarId}/non-persistent-topics,,pulsar,external
DELETE,/v4/addon-providers/addon-pulsar/addons/{pulsarId}/non-persistent-topics/{topic},,pulsar,external
POST,/v4/addon-providers/addon-pulsar/addons/{pulsarId}/non-persistent-topics/{topic},,pulsar,external
POST,/v4/addon-providers/addon-pulsar/addons/{pulsarId}/non-persistent-topics/{topic}/token,,pulsar,external
PUT,/v4/addon-providers/addon-pulsar/addons/{pulsarId}/non-persistent-topics/{topic}/unload,,pulsar,external
PATCH,/v4/addon-providers/addon-pulsar/addons/{pulsarId}/renew-biscuit,,pulsar,internal
GET,/v4/addon-providers/addon-pulsar/addons/{pulsarId}/storage-policies,,pulsar,external
PATCH,/v4/addon-providers/addon-pulsar/addons/{pulsarId}/storage-policies,,pulsar,external
GET,/v4/addon-providers/addon-pulsar/addons/{pulsarId}/topics,,pulsar,external
DELETE,/v4/addon-providers/addon-pulsar/addons/{pulsarId}/topics/{topic},,pulsar,external
POST,/v4/addon-providers/addon-pulsar/addons/{pulsarId}/topics/{topic},,pulsar,external
POST,/v4/addon-providers/addon-pulsar/addons/{pulsarId}/topics/{topic}/token,,pulsar,external
PUT,/v4/addon-providers/addon-pulsar/addons/{pulsarId}/topics/{topic}/unload,,pulsar,external
GET,/v4/addon-providers/addon-pulsar/clusters,,pulsar,internal
POST,/v4/addon-providers/addon-pulsar/clusters,,pulsar,internal
DELETE,/v4/addon-providers/addon-pulsar/clusters/{clusterId},,pulsar,internal
GET,/v4/addon-providers/addon-pulsar/clusters/{clusterId},GetPulsarInfoCommand,pulsar,external
PUT,/v4/addon-providers/addon-pulsar/clusters/{clusterId},,pulsar,internal
GET,/v4/pulsar/organisations/{ownerId}/pulsar/consumptions,,pulsar,internal
GET,/v4/tenants/{tenantId}/ceph-clusters,,storage,admin-only
POST,/v4/tenants/{tenantId}/ceph-clusters,,storage,admin-only
DELETE,/v4/tenants/{tenantId}/ceph-clusters/{clusterId},,storage,admin-only
GET,/v4/tenants/{tenantId}/ceph-clusters/{clusterId},,storage,admin-only
PATCH,/v4/tenants/{tenantId}/ceph-clusters/{clusterId},,storage,admin-only
POST,/v4/tenants/{tenantId}/ceph-clusters/{clusterId}/ceph-pools,,storage,admin-only
DELETE,/v4/tenants/{tenantId}/ceph-clusters/{clusterId}/ceph-pools/{poolId},,storage,admin-only
POST,/v4/tenants/{tenantId}/ceph-clusters/{clusterId}/ceph-pools/{poolId}/ceph-rbd-namespaces/{namespaceId}/ceph-x-users,,storage,admin-only
POST,/v4/tenants/{tenantId}/ceph-clusters/{clusterId}/ceph-pools/{poolId}/init,,storage,admin-only
DELETE,/v4/tenants/{tenantId}/ceph-clusters/{clusterId}/ceph-pools/{poolId}/namespaces/{namespaceId},,storage,admin-only
POST,/v4/tenants/{tenantId}/ceph-clusters/{clusterId}/ceph-rbd-namespaces,,storage,admin-only
POST,/v4/tenants/{tenantId}/ceph-clusters/{clusterId}/ceph-x-users,,storage,admin-only
DELETE,/v4/tenants/{tenantId}/ceph-clusters/{clusterId}/ceph-x-users/{entityId},,storage,admin-only
GET,/v4/tenants/{tenantId}/ceph-clusters/{clusterId}/ceph-x-users/{entityId},,storage,admin-only
POST,/v4/tenants/{tenantId}/ceph-clusters/{clusterId}/storages,,storage,admin-only
GET,/v4/tenants/{tenantId}/storages,,storage,admin-only
DELETE,/v4/tenants/{tenantId}/storages/{storageId},,storage,admin-only
GET,/v4/tenants/{tenantId}/storages/{storageId},,storage,admin-only
PATCH,/v4/tenants/{tenantId}/storages/{storageId},,storage,admin-only
GET,/v4/tenants/{tenantId}/products/{productId}/keys,,tokens,admin-only
POST,/v4/tenants/{tenantId}/products/{productId}/keys,,tokens,admin-only
DELETE,/v4/tenants/{tenantId}/products/{productId}/keys/{keyId},,tokens,admin-only
POST,/v4/tenants/{tenantId}/products/{productId}/keys/{keyId}/rotate,,tokens,admin-only
GET,/v4/tenants/{tenantId}/tokens,,tokens,admin-only
POST,/v4/tenants/{tenantId}/tokens,,tokens,admin-only
DELETE,/v4/tenants/{tenantId}/tokens/{tokenId},,tokens,admin-only
GET,/v4/tenants/{tenantId}/tokens/{tokenId},,tokens,admin-only
PUT,/v4/tenants/{tenantId}/tokens/{tokenId}/refresh,,tokens,admin-only
GET,/v4/tokens/revocations,,tokens,admin-only
DELETE,/v4/warp10/cluster/{clusterId}/token/{revocationId},,warp10,admin-only
GET,/v4/warp10/cluster/{clusterId}/token/{revocationId},,warp10,admin-only
POST,/v4/warp10/cluster/{clusterId}/token/read,,warp10,admin-only
GET,/v4/warp10/cluster/{clusterId}/token/revocation,,warp10,admin-only
POST,/v4/warp10/cluster/{clusterId}/token/write,,warp10,admin-only
GET,/v4/warp10/clusters/{clusterId},,warp10,admin-only
GET,/v4/products/zones,ListZoneCommand,zone,external
GET,/v4/products/zones/{zoneName},GetZoneCommand,zone,external
